carrier_id,name,contact_number,active_vehicles,freshness_status,last_updated
CAR-001,CarrierExpress_1,+91-9876500001,180,FRESH,2026-09-08T04:19:54.302985+00:00
CAR-002,CarrierExpress_2,+91-9876500002,83,FRESH,2026-09-08T04:19:27.302989+00:00
CAR-003,CarrierExpress_3,+91-9876500003,28,FRESH,2026-09-08T04:20:06.302991+00:00
CAR-004,CarrierExpress_4,+91-9876500004,160,FRESH,2026-09-08T04:19:42.302994+00:00
CAR-005,CarrierExpress_5,+91-9876500005,186,FRESH,2026-09-08T04:19:32.302996+00:00
CAR-006,CarrierExpress_6,+91-9876500006,60,FRESH,2026-09-08T04:19:48.302999+00:00
CAR-007,CarrierExpress_7,+91-9876500007,37,MISSING,2026-09-07T20:20:41.303001+00:00
CAR-008,CarrierExpress_8,+91-9876500008,101,FRESH,2026-09-08T04:19:13.303004+00:00
CAR-009,CarrierExpress_9,+91-9876500009,15,FRESH,2026-09-08T04:19:49.303007+00:00
CAR-010,CarrierExpress_10,+91-9876500010,80,MISSING,2026-09-07T21:20:41.303010+00:00
CAR-011,CarrierExpress_11,+91-9876500011,165,FRESH,2026-09-08T04:20:20.303014+00:00
CAR-012,CarrierExpress_12,+91-9876500012,68,FRESH,2026-09-08T04:19:50.303017+00:00
CAR-013,CarrierExpress_13,+91-9876500013,66,FRESH,2026-09-08T04:19:41.303019+00:00
CAR-014,CarrierExpress_14,+91-9876500014,74,FRESH,2026-09-08T04:19:07.303022+00:00
CAR-015,CarrierExpress_15,+91-9876500015,184,FRESH,2026-09-08T04:19:02.303024+00:00
CAR-016,CarrierExpress_16,+91-9876500016,34,FRESH,2026-09-08T04:19:06.303026+00:00
CAR-017,CarrierExpress_17,+91-9876500017,20,STALE,2026-09-08T04:09:41.303028+00:00
CAR-018,CarrierExpress_18,+91-9876500018,18,FRESH,2026-09-08T04:19:30.303031+00:00
CAR-019,CarrierExpress_19,+91-9876500019,33,FRESH,2026-09-08T04:20:10.303033+00:00
CAR-020,CarrierExpress_20,+91-9876500020,116,STALE,2026-09-08T04:12:41.303036+00:00
CAR-021,CarrierExpress_21,+91-9876500021,148,FRESH,2026-09-08T04:20:10.303038+00:00
CAR-022,CarrierExpress_22,+91-9876500022,145,STALE,2026-09-08T04:12:41.303041+00:00
CAR-023,CarrierExpress_23,+91-9876500023,52,FRESH,2026-09-08T04:19:52.303044+00:00
CAR-024,CarrierExpress_24,+91-9876500024,85,FRESH,2026-09-08T04:19:25.303046+00:00
CAR-025,CarrierExpress_25,+91-9876500025,39,FRESH,2026-09-08T04:19:43.303049+00:00
CAR-026,CarrierExpress_26,+91-9876500026,46,FRESH,2026-09-08T04:20:17.303051+00:00
CAR-027,CarrierExpress_27,+91-9876500027,183,FRESH,2026-09-08T04:19:58.303054+00:00
CAR-028,CarrierExpress_28,+91-9876500028,152,FRESH,2026-09-08T04:19:36.303056+00:00
CAR-029,CarrierExpress_29,+91-9876500029,13,FRESH,2026-09-08T04:19:36.303059+00:00
CAR-030,CarrierExpress_30,+91-9876500030,126,FRESH,2026-09-08T04:20:11.303062+00:00
CAR-031,CarrierExpress_31,+91-9876500031,159,FRESH,2026-09-08T04:19:53.303065+00:00
CAR-032,CarrierExpress_32,+91-9876500032,105,FRESH,2026-09-08T04:19:05.303068+00:00
CAR-033,CarrierExpress_33,+91-9876500033,130,FRESH,2026-09-08T04:19:57.303070+00:00
CAR-034,CarrierExpress_34,+91-9876500034,93,FRESH,2026-09-08T04:19:15.303072+00:00
CAR-035,CarrierExpress_35,+91-9876500035,175,STALE,2026-09-08T04:13:41.303075+00:00
CAR-036,CarrierExpress_36,+91-9876500036,189,FRESH,2026-09-08T04:19:27.303077+00:00
CAR-037,CarrierExpress_37,+91-9876500037,39,FRESH,2026-09-08T04:19:34.303079+00:00
CAR-038,CarrierExpress_38,+91-9876500038,87,FRESH,2026-09-08T04:20:22.303082+00:00
CAR-039,CarrierExpress_39,+91-9876500039,34,MISSING,2026-09-08T02:20:41.303084+00:00
CAR-040,CarrierExpress_40,+91-9876500040,44,FRESH,2026-09-08T04:19:18.303087+00:00
CAR-041,CarrierExpress_41,+91-9876500041,181,FRESH,2026-09-08T04:19:39.303089+00:00
CAR-042,CarrierExpress_42,+91-9876500042,148,STALE,2026-09-08T04:09:41.303091+00:00
CAR-043,CarrierExpress_43,+91-9876500043,116,FRESH,2026-09-08T04:20:07.303094+00:00
CAR-044,CarrierExpress_44,+91-9876500044,167,FRESH,2026-09-08T04:19:24.303096+00:00
CAR-045,CarrierExpress_45,+91-9876500045,18,FRESH,2026-09-08T04:19:51.303098+00:00
CAR-046,CarrierExpress_46,+91-9876500046,123,FRESH,2026-09-08T04:19:59.303101+00:00
CAR-047,CarrierExpress_47,+91-9876500047,102,FRESH,2026-09-08T04:19:56.303105+00:00
CAR-048,CarrierExpress_48,+91-9876500048,149,FRESH,2026-09-08T04:19:39.303108+00:00
CAR-049,CarrierExpress_49,+91-9876500049,101,STALE,2026-09-08T04:09:41.303111+00:00
CAR-050,CarrierExpress_50,+91-9876500050,58,FRESH,2026-09-08T04:19:51.303113+00:00
CAR-051,CarrierExpress_51,+91-9876500051,33,MISSING,2026-09-07T20:20:41.303117+00:00
CAR-052,CarrierExpress_52,+91-9876500052,173,FRESH,2026-09-08T04:19:04.303120+00:00
CAR-053,CarrierExpress_53,+91-9876500053,22,FRESH,2026-09-08T04:20:24.303122+00:00
CAR-054,CarrierExpress_54,+91-9876500054,42,FRESH,2026-09-08T04:19:55.303125+00:00
CAR-055,CarrierExpress_55,+91-9876500055,27,FRESH,2026-09-08T04:20:00.303127+00:00
CAR-056,CarrierExpress_56,+91-9876500056,63,FRESH,2026-09-08T04:19:16.303129+00:00
CAR-057,CarrierExpress_57,+91-9876500057,94,FRESH,2026-09-08T04:19:57.303132+00:00
CAR-058,CarrierExpress_58,+91-9876500058,10,FRESH,2026-09-08T04:19:10.303134+00:00
CAR-059,CarrierExpress_59,+91-9876500059,43,FRESH,2026-09-08T04:20:08.303136+00:00
CAR-060,CarrierExpress_60,+91-9876500060,38,FRESH,2026-09-08T04:20:04.303139+00:00
CAR-061,CarrierExpress_61,+91-9876500061,43,FRESH,2026-09-08T04:20:23.303141+00:00
CAR-062,CarrierExpress_62,+91-9876500062,160,FRESH,2026-09-08T04:19:56.303143+00:00
CAR-063,CarrierExpress_63,+91-9876500063,77,FRESH,2026-09-08T04:20:04.303147+00:00
CAR-064,CarrierExpress_64,+91-9876500064,144,FRESH,2026-09-08T04:19:33.303149+00:00
CAR-065,CarrierExpress_65,+91-9876500065,131,FRESH,2026-09-08T04:20:18.303151+00:00
CAR-066,CarrierExpress_66,+91-9876500066,141,FRESH,2026-09-08T04:19:40.303154+00:00
CAR-067,CarrierExpress_67,+91-9876500067,138,FRESH,2026-09-08T04:19:29.303156+00:00
CAR-068,CarrierExpress_68,+91-9876500068,21,FRESH,2026-09-08T04:19:08.303160+00:00
CAR-069,CarrierExpress_69,+91-9876500069,143,FRESH,2026-09-08T04:19:02.303162+00:00
CAR-070,CarrierExpress_70,+91-9876500070,17,FRESH,2026-09-08T04:19:04.303165+00:00
CAR-071,CarrierExpress_71,+91-9876500071,112,FRESH,2026-09-08T04:19:25.303167+00:00
CAR-072,CarrierExpress_72,+91-9876500072,135,FRESH,2026-09-08T04:20:13.303171+00:00
CAR-073,CarrierExpress_73,+91-9876500073,28,FRESH,2026-09-08T04:19:30.303173+00:00
CAR-074,CarrierExpress_74,+91-9876500074,165,STALE,2026-09-08T04:12:41.303176+00:00
CAR-075,CarrierExpress_75,+91-9876500075,80,FRESH,2026-09-08T04:20:10.303178+00:00
CAR-076,CarrierExpress_76,+91-9876500076,150,FRESH,2026-09-08T04:19:12.303181+00:00
CAR-077,CarrierExpress_77,+91-9876500077,162,FRESH,2026-09-08T04:19:38.303183+00:00
CAR-078,CarrierExpress_78,+91-9876500078,139,FRESH,2026-09-08T04:19:28.303186+00:00
CAR-079,CarrierExpress_79,+91-9876500079,189,FRESH,2026-09-08T04:20:14.303188+00:00
CAR-080,CarrierExpress_80,+91-9876500080,176,FRESH,2026-09-08T04:19:03.303191+00:00
CAR-081,CarrierExpress_81,+91-9876500081,194,STALE,2026-09-08T04:10:41.303193+00:00
CAR-082,CarrierExpress_82,+91-9876500082,125,STALE,2026-09-08T04:11:41.303196+00:00
CAR-083,CarrierExpress_83,+91-9876500083,96,STALE,2026-09-08T04:11:41.303198+00:00
CAR-084,CarrierExpress_84,+91-9876500084,116,FRESH,2026-09-08T04:19:35.303201+00:00
CAR-085,CarrierExpress_85,+91-9876500085,119,FRESH,2026-09-08T04:19:46.303203+00:00
CAR-086,CarrierExpress_86,+91-9876500086,105,FRESH,2026-09-08T04:19:54.303205+00:00
CAR-087,CarrierExpress_87,+91-9876500087,27,MISSING,2026-09-07T20:20:41.303209+00:00
CAR-088,CarrierExpress_88,+91-9876500088,33,FRESH,2026-09-08T04:20:16.303211+00:00
CAR-089,CarrierExpress_89,+91-9876500089,43,FRESH,2026-09-08T04:19:39.303214+00:00
CAR-090,CarrierExpress_90,+91-9876500090,153,FRESH,2026-09-08T04:19:11.303216+00:00
CAR-091,CarrierExpress_91,+91-9876500091,41,FRESH,2026-09-08T04:19:01.303219+00:00
CAR-092,CarrierExpress_92,+91-9876500092,118,FRESH,2026-09-08T04:19:01.303221+00:00
CAR-093,CarrierExpress_93,+91-9876500093,23,STALE,2026-09-08T04:09:41.303225+00:00
CAR-094,CarrierExpress_94,+91-9876500094,89,MISSING,2026-09-07T18:20:41.303228+00:00
CAR-095,CarrierExpress_95,+91-9876500095,139,FRESH,2026-09-08T04:19:13.303231+00:00
CAR-096,CarrierExpress_96,+91-9876500096,133,FRESH,2026-09-08T04:19:02.303233+00:00
CAR-097,CarrierExpress_97,+91-9876500097,99,FRESH,2026-09-08T04:20:13.303237+00:00
CAR-098,CarrierExpress_98,+91-9876500098,39,FRESH,2026-09-08T04:19:39.303239+00:00
CAR-099,CarrierExpress_99,+91-9876500099,67,FRESH,2026-09-08T04:19:13.303241+00:00
CAR-100,CarrierExpress_100,+91-9876500100,169,FRESH,2026-09-08T04:19:15.303244+00:00
