sku,warehouse_id,quantity,reorder_level,freshness_status,last_updated
SKU-1001,WH-040,345,45,FRESH,2026-09-08T04:19:12.303251+00:00
SKU-1002,WH-045,136,11,FRESH,2026-09-08T04:19:07.303255+00:00
SKU-1003,WH-049,158,31,FRESH,2026-09-08T04:20:13.303258+00:00
SKU-1004,WH-010,289,35,FRESH,2026-09-08T04:19:02.303261+00:00
SKU-1005,WH-041,497,11,FRESH,2026-09-08T04:19:29.303263+00:00
SKU-1006,WH-014,192,36,FRESH,2026-09-08T04:20:16.303266+00:00
SKU-1007,WH-024,159,30,FRESH,2026-09-08T04:19:24.303270+00:00
SKU-1008,WH-039,43,13,FRESH,2026-09-08T04:19:00.303272+00:00
SKU-1009,WH-040,25,15,FRESH,2026-09-08T04:19:12.303275+00:00
SKU-1010,WH-028,248,48,FRESH,2026-09-08T04:20:02.303277+00:00
SKU-1011,WH-014,386,42,FRESH,2026-09-08T04:19:41.303280+00:00
SKU-1012,WH-008,145,47,FRESH,2026-09-08T04:19:11.303283+00:00
SKU-1013,WH-020,23,24,FRESH,2026-09-08T04:19:20.303285+00:00
SKU-1014,WH-004,3,23,FRESH,2026-09-08T04:20:09.303287+00:00
SKU-1015,WH-050,70,26,FRESH,2026-09-08T04:20:21.303290+00:00
SKU-1016,WH-001,254,37,FRESH,2026-09-08T04:19:48.303292+00:00
SKU-1017,WH-035,360,24,FRESH,2026-09-08T04:19:11.303295+00:00
SKU-1018,WH-023,36,35,FRESH,2026-09-08T04:20:31.303298+00:00
SKU-1019,WH-028,9,39,STALE,2026-09-08T04:12:41.303301+00:00
SKU-1020,WH-037,219,46,FRESH,2026-09-08T04:19:15.303303+00:00
SKU-1021,WH-027,148,17,FRESH,2026-09-08T04:19:55.303306+00:00
SKU-1022,WH-011,410,49,FRESH,2026-09-08T04:19:08.303308+00:00
SKU-1023,WH-024,45,37,FRESH,2026-09-08T04:20:05.303311+00:00
SKU-1024,WH-028,301,35,FRESH,2026-09-08T04:19:46.303313+00:00
SKU-1025,WH-020,381,31,FRESH,2026-09-08T04:18:57.303316+00:00
SKU-1026,WH-011,39,42,FRESH,2026-09-08T04:19:29.303319+00:00
SKU-1027,WH-033,99,32,FRESH,2026-09-08T04:18:52.303321+00:00
SKU-1028,WH-042,417,19,FRESH,2026-09-08T04:20:18.303324+00:00
SKU-1029,WH-017,101,21,FRESH,2026-09-08T04:18:59.303326+00:00
SKU-1030,WH-049,335,14,FRESH,2026-09-08T04:18:58.303329+00:00
SKU-1031,WH-041,252,39,FRESH,2026-09-08T04:18:59.303331+00:00
SKU-1032,WH-038,229,46,FRESH,2026-09-08T04:19:17.303333+00:00
SKU-1033,WH-021,442,50,FRESH,2026-09-08T04:19:40.303336+00:00
SKU-1034,WH-005,240,38,FRESH,2026-09-08T04:18:55.303338+00:00
SKU-1035,WH-018,302,13,FRESH,2026-09-08T04:20:27.303341+00:00
SKU-1036,WH-020,236,38,FRESH,2026-09-08T04:19:49.303343+00:00
SKU-1037,WH-019,39,15,FRESH,2026-09-08T04:19:32.303346+00:00
SKU-1038,WH-025,236,47,FRESH,2026-09-08T04:18:55.303349+00:00
SKU-1039,WH-048,458,12,FRESH,2026-09-08T04:18:53.303351+00:00
SKU-1040,WH-037,333,22,FRESH,2026-09-08T04:19:36.303353+00:00
SKU-1041,WH-033,77,13,FRESH,2026-09-08T04:18:53.303356+00:00
SKU-1042,WH-022,365,15,FRESH,2026-09-08T04:20:14.303358+00:00
SKU-1043,WH-003,126,38,MISSING,2026-09-08T01:20:41.303361+00:00
SKU-1044,WH-024,190,28,FRESH,2026-09-08T04:18:57.303364+00:00
SKU-1045,WH-022,347,48,FRESH,2026-09-08T04:19:16.303366+00:00
SKU-1046,WH-042,171,14,FRESH,2026-09-08T04:19:25.303370+00:00
SKU-1047,WH-044,197,28,FRESH,2026-09-08T04:19:12.303372+00:00
SKU-1048,WH-039,447,19,FRESH,2026-09-08T04:19:22.303376+00:00
SKU-1049,WH-043,72,32,FRESH,2026-09-08T04:19:13.303378+00:00
SKU-1050,WH-045,339,35,FRESH,2026-09-08T04:19:06.303382+00:00
SKU-1051,WH-006,158,45,FRESH,2026-09-08T04:18:55.303384+00:00
SKU-1052,WH-022,416,18,FRESH,2026-09-08T04:19:02.303387+00:00
SKU-1053,WH-044,467,43,FRESH,2026-09-08T04:19:11.303389+00:00
SKU-1054,WH-028,260,33,FRESH,2026-09-08T04:19:57.303392+00:00
SKU-1055,WH-012,486,23,FRESH,2026-09-08T04:18:58.303394+00:00
SKU-1056,WH-032,98,24,MISSING,2026-09-08T01:20:41.303397+00:00
SKU-1057,WH-005,151,16,FRESH,2026-09-08T04:19:27.303400+00:00
SKU-1058,WH-048,452,43,FRESH,2026-09-08T04:19:53.303402+00:00
SKU-1059,WH-050,316,18,FRESH,2026-09-08T04:20:17.303405+00:00
SKU-1060,WH-011,92,49,FRESH,2026-09-08T04:20:15.303407+00:00
SKU-1061,WH-047,224,12,FRESH,2026-09-08T04:19:10.303410+00:00
SKU-1062,WH-047,121,38,FRESH,2026-09-08T04:19:00.303412+00:00
SKU-1063,WH-048,401,38,FRESH,2026-09-08T04:20:06.303414+00:00
SKU-1064,WH-020,494,40,STALE,2026-09-08T04:14:41.303417+00:00
SKU-1065,WH-024,347,46,MISSING,2026-09-07T20:20:41.303421+00:00
SKU-1066,WH-050,144,34,FRESH,2026-09-08T04:19:43.303424+00:00
SKU-1067,WH-011,418,22,FRESH,2026-09-08T04:20:19.303426+00:00
SKU-1068,WH-017,26,40,FRESH,2026-09-08T04:19:26.303429+00:00
SKU-1069,WH-007,364,43,FRESH,2026-09-08T04:20:00.303431+00:00
SKU-1070,WH-006,390,20,FRESH,2026-09-08T04:19:31.303434+00:00
SKU-1071,WH-010,425,37,FRESH,2026-09-08T04:20:08.303436+00:00
SKU-1072,WH-029,452,32,STALE,2026-09-08T04:11:41.303439+00:00
SKU-1073,WH-004,202,42,FRESH,2026-09-08T04:19:47.303441+00:00
SKU-1074,WH-006,191,24,FRESH,2026-09-08T04:20:24.303443+00:00
SKU-1075,WH-046,332,31,FRESH,2026-09-08T04:20:19.303446+00:00
SKU-1076,WH-003,146,40,FRESH,2026-09-08T04:20:19.303448+00:00
SKU-1077,WH-049,361,40,FRESH,2026-09-08T04:20:36.303451+00:00
SKU-1078,WH-006,9,26,FRESH,2026-09-08T04:20:17.303453+00:00
SKU-1079,WH-036,481,48,FRESH,2026-09-08T04:20:22.303456+00:00
SKU-1080,WH-050,147,25,FRESH,2026-09-08T04:20:30.303458+00:00
SKU-1081,WH-016,214,50,FRESH,2026-09-08T04:19:38.303461+00:00
SKU-1082,WH-005,56,41,FRESH,2026-09-08T04:20:34.303464+00:00
SKU-1083,WH-041,263,46,FRESH,2026-09-08T04:20:18.303466+00:00
SKU-1084,WH-019,219,10,FRESH,2026-09-08T04:20:06.303469+00:00
SKU-1085,WH-037,213,21,FRESH,2026-09-08T04:20:26.303472+00:00
SKU-1086,WH-034,499,33,FRESH,2026-09-08T04:19:29.303474+00:00
SKU-1087,WH-035,259,42,FRESH,2026-09-08T04:19:47.303477+00:00
SKU-1088,WH-031,22,50,FRESH,2026-09-08T04:19:49.303479+00:00
SKU-1089,WH-017,382,11,FRESH,2026-09-08T04:20:28.303482+00:00
SKU-1090,WH-023,123,50,FRESH,2026-09-08T04:19:22.303484+00:00
SKU-1091,WH-048,387,31,FRESH,2026-09-08T04:19:51.303486+00:00
SKU-1092,WH-035,173,21,FRESH,2026-09-08T04:19:09.303489+00:00
SKU-1093,WH-030,356,40,FRESH,2026-09-08T04:18:53.303491+00:00
SKU-1094,WH-009,32,39,FRESH,2026-09-08T04:20:11.303494+00:00
SKU-1095,WH-003,405,22,FRESH,2026-09-08T04:19:56.303496+00:00
SKU-1096,WH-020,263,35,MISSING,2026-09-07T20:20:41.303498+00:00
SKU-1097,WH-017,18,22,FRESH,2026-09-08T04:18:57.303501+00:00
SKU-1098,WH-004,443,31,FRESH,2026-09-08T04:18:54.303504+00:00
SKU-1099,WH-024,223,35,FRESH,2026-09-08T04:19:47.303507+00:00
SKU-1100,WH-022,498,21,FRESH,2026-09-08T04:19:33.303510+00:00
SKU-1101,WH-024,473,43,FRESH,2026-09-08T04:20:26.303512+00:00
SKU-1102,WH-047,217,15,FRESH,2026-09-08T04:18:51.303514+00:00
SKU-1103,WH-012,279,28,FRESH,2026-09-08T04:20:26.303517+00:00
SKU-1104,WH-021,338,28,FRESH,2026-09-08T04:19:19.303520+00:00
SKU-1105,WH-046,218,20,FRESH,2026-09-08T04:19:52.303522+00:00
SKU-1106,WH-029,21,32,FRESH,2026-09-08T04:19:41.303525+00:00
SKU-1107,WH-018,327,13,FRESH,2026-09-08T04:19:15.303527+00:00
SKU-1108,WH-026,186,42,FRESH,2026-09-08T04:19:10.303530+00:00
SKU-1109,WH-011,487,11,FRESH,2026-09-08T04:19:19.303532+00:00
SKU-1110,WH-044,400,38,FRESH,2026-09-08T04:20:28.303535+00:00
SKU-1111,WH-016,398,33,FRESH,2026-09-08T04:19:24.303537+00:00
SKU-1112,WH-003,309,19,FRESH,2026-09-08T04:19:49.303541+00:00
SKU-1113,WH-024,227,14,FRESH,2026-09-08T04:19:29.303544+00:00
SKU-1114,WH-024,203,30,FRESH,2026-09-08T04:20:05.303546+00:00
SKU-1115,WH-008,13,21,FRESH,2026-09-08T04:19:47.303548+00:00
SKU-1116,WH-036,60,26,FRESH,2026-09-08T04:19:06.303551+00:00
SKU-1117,WH-029,109,49,FRESH,2026-09-08T04:19:34.303553+00:00
SKU-1118,WH-013,62,18,FRESH,2026-09-08T04:19:39.303555+00:00
SKU-1119,WH-012,460,38,MISSING,2026-09-07T22:20:41.303558+00:00
SKU-1120,WH-043,177,14,FRESH,2026-09-08T04:19:59.303561+00:00
SKU-1121,WH-020,435,20,FRESH,2026-09-08T04:19:07.303563+00:00
SKU-1122,WH-041,89,33,FRESH,2026-09-08T04:20:21.303566+00:00
SKU-1123,WH-013,405,18,FRESH,2026-09-08T04:19:33.303568+00:00
SKU-1124,WH-002,184,45,FRESH,2026-09-08T04:19:37.303572+00:00
SKU-1125,WH-036,66,49,FRESH,2026-09-08T04:20:28.303575+00:00
SKU-1126,WH-020,203,40,FRESH,2026-09-08T04:18:58.303577+00:00
SKU-1127,WH-027,421,46,FRESH,2026-09-08T04:19:56.303580+00:00
SKU-1128,WH-042,37,38,FRESH,2026-09-08T04:19:30.303582+00:00
SKU-1129,WH-023,65,45,FRESH,2026-09-08T04:20:13.303585+00:00
SKU-1130,WH-050,494,18,FRESH,2026-09-08T04:20:29.303588+00:00
SKU-1131,WH-008,265,19,FRESH,2026-09-08T04:20:16.303590+00:00
SKU-1132,WH-021,478,24,FRESH,2026-09-08T04:19:30.303593+00:00
SKU-1133,WH-019,433,15,FRESH,2026-09-08T04:19:15.303595+00:00
SKU-1134,WH-036,140,18,FRESH,2026-09-08T04:19:18.303598+00:00
SKU-1135,WH-035,47,42,FRESH,2026-09-08T04:19:21.303600+00:00
SKU-1136,WH-038,78,20,FRESH,2026-09-08T04:19:04.303602+00:00
SKU-1137,WH-039,172,46,FRESH,2026-09-08T04:20:33.303605+00:00
SKU-1138,WH-006,23,46,FRESH,2026-09-08T04:20:10.303607+00:00
SKU-1139,WH-050,292,36,FRESH,2026-09-08T04:20:33.303609+00:00
SKU-1140,WH-032,455,50,FRESH,2026-09-08T04:19:14.303612+00:00
SKU-1141,WH-020,247,25,FRESH,2026-09-08T04:19:09.303614+00:00
SKU-1142,WH-026,152,39,FRESH,2026-09-08T04:20:29.303616+00:00
SKU-1143,WH-011,225,36,FRESH,2026-09-08T04:20:10.303621+00:00
SKU-1144,WH-022,310,19,FRESH,2026-09-08T04:19:05.303623+00:00
SKU-1145,WH-021,375,32,MISSING,2026-09-08T01:20:41.303626+00:00
SKU-1146,WH-049,189,42,FRESH,2026-09-08T04:19:56.303628+00:00
SKU-1147,WH-016,238,17,FRESH,2026-09-08T04:20:05.303631+00:00
SKU-1148,WH-010,49,13,FRESH,2026-09-08T04:19:47.303634+00:00
SKU-1149,WH-040,214,25,STALE,2026-09-08T04:15:41.303636+00:00
SKU-1150,WH-021,478,46,FRESH,2026-09-08T04:20:12.303639+00:00
SKU-1151,WH-049,81,41,MISSING,2026-09-07T20:20:41.303648+00:00
SKU-1152,WH-032,450,29,FRESH,2026-09-08T04:20:25.303651+00:00
SKU-1153,WH-026,258,39,STALE,2026-09-08T04:14:41.303653+00:00
SKU-1154,WH-038,180,13,FRESH,2026-09-08T04:19:33.303656+00:00
SKU-1155,WH-039,451,40,FRESH,2026-09-08T04:20:35.303658+00:00
SKU-1156,WH-007,220,18,FRESH,2026-09-08T04:19:03.303661+00:00
SKU-1157,WH-024,391,35,FRESH,2026-09-08T04:19:45.303663+00:00
SKU-1158,WH-004,291,45,FRESH,2026-09-08T04:19:26.303666+00:00
SKU-1159,WH-019,37,34,FRESH,2026-09-08T04:18:59.303668+00:00
SKU-1160,WH-036,143,49,FRESH,2026-09-08T04:20:21.303671+00:00
SKU-1161,WH-009,499,16,FRESH,2026-09-08T04:18:55.303673+00:00
SKU-1162,WH-022,285,33,FRESH,2026-09-08T04:20:11.303675+00:00
SKU-1163,WH-039,260,35,FRESH,2026-09-08T04:20:31.303679+00:00
SKU-1164,WH-003,70,31,FRESH,2026-09-08T04:19:30.303682+00:00
SKU-1165,WH-030,76,48,FRESH,2026-09-08T04:20:19.303684+00:00
SKU-1166,WH-021,476,49,FRESH,2026-09-08T04:19:46.303687+00:00
SKU-1167,WH-040,378,29,FRESH,2026-09-08T04:19:32.303689+00:00
SKU-1168,WH-033,272,41,FRESH,2026-09-08T04:19:58.303692+00:00
SKU-1169,WH-031,417,11,FRESH,2026-09-08T04:19:10.303694+00:00
SKU-1170,WH-008,213,47,FRESH,2026-09-08T04:19:04.303697+00:00
SKU-1171,WH-045,322,11,FRESH,2026-09-08T04:20:03.303699+00:00
SKU-1172,WH-042,400,47,FRESH,2026-09-08T04:19:04.303701+00:00
SKU-1173,WH-004,298,40,FRESH,2026-09-08T04:19:16.303704+00:00
SKU-1174,WH-047,317,34,FRESH,2026-09-08T04:19:09.303708+00:00
SKU-1175,WH-016,16,46,STALE,2026-09-08T04:16:41.303711+00:00
SKU-1176,WH-013,9,38,FRESH,2026-09-08T04:20:17.303713+00:00
SKU-1177,WH-027,353,23,FRESH,2026-09-08T04:18:57.303715+00:00
SKU-1178,WH-040,471,40,FRESH,2026-09-08T04:19:02.303718+00:00
SKU-1179,WH-047,31,18,FRESH,2026-09-08T04:19:25.303720+00:00
SKU-1180,WH-021,339,40,FRESH,2026-09-08T04:19:56.303723+00:00
SKU-1181,WH-012,235,44,FRESH,2026-09-08T04:19:51.303725+00:00
SKU-1182,WH-044,395,26,FRESH,2026-09-08T04:20:12.303729+00:00
SKU-1183,WH-016,142,45,FRESH,2026-09-08T04:19:58.303731+00:00
SKU-1184,WH-050,147,23,FRESH,2026-09-08T04:19:34.303734+00:00
SKU-1185,WH-021,245,32,FRESH,2026-09-08T04:18:55.303736+00:00
SKU-1186,WH-047,140,28,FRESH,2026-09-08T04:19:10.303739+00:00
SKU-1187,WH-035,194,35,FRESH,2026-09-08T04:18:58.303742+00:00
SKU-1188,WH-010,148,12,FRESH,2026-09-08T04:19:05.303744+00:00
SKU-1189,WH-006,177,38,FRESH,2026-09-08T04:19:01.303747+00:00
SKU-1190,WH-031,109,22,FRESH,2026-09-08T04:20:02.303749+00:00
SKU-1191,WH-036,356,27,FRESH,2026-09-08T04:19:18.303752+00:00
SKU-1192,WH-048,300,25,FRESH,2026-09-08T04:19:11.303754+00:00
SKU-1193,WH-034,115,50,FRESH,2026-09-08T04:20:24.303757+00:00
SKU-1194,WH-027,169,40,FRESH,2026-09-08T04:18:58.303759+00:00
SKU-1195,WH-009,2,45,MISSING,2026-09-08T01:20:41.303762+00:00
SKU-1196,WH-027,334,40,FRESH,2026-09-08T04:20:11.303765+00:00
SKU-1197,WH-049,493,28,FRESH,2026-09-08T04:19:14.303767+00:00
SKU-1198,WH-004,464,15,FRESH,2026-09-08T04:20:07.303769+00:00
SKU-1199,WH-035,378,12,STALE,2026-09-08T04:15:41.303772+00:00
SKU-1200,WH-027,451,21,STALE,2026-09-08T04:17:41.303774+00:00
SKU-1201,WH-026,403,41,FRESH,2026-09-08T04:19:01.303778+00:00
SKU-1202,WH-019,448,12,FRESH,2026-09-08T04:19:24.303782+00:00
SKU-1203,WH-039,54,31,FRESH,2026-09-08T04:19:14.303784+00:00
SKU-1204,WH-035,268,41,FRESH,2026-09-08T04:20:19.303787+00:00
SKU-1205,WH-033,239,27,FRESH,2026-09-08T04:20:22.303789+00:00
SKU-1206,WH-022,83,39,FRESH,2026-09-08T04:19:05.303793+00:00
SKU-1207,WH-012,7,31,FRESH,2026-09-08T04:19:24.303795+00:00
SKU-1208,WH-044,387,22,FRESH,2026-09-08T04:19:15.303798+00:00
SKU-1209,WH-026,423,37,FRESH,2026-09-08T04:20:25.303800+00:00
SKU-1210,WH-026,342,16,FRESH,2026-09-08T04:20:19.303802+00:00
SKU-1211,WH-031,165,25,FRESH,2026-09-08T04:19:47.303805+00:00
SKU-1212,WH-016,228,27,STALE,2026-09-08T04:13:41.303807+00:00
SKU-1213,WH-038,370,46,FRESH,2026-09-08T04:19:13.303810+00:00
SKU-1214,WH-024,354,25,FRESH,2026-09-08T04:20:21.303813+00:00
SKU-1215,WH-030,157,20,FRESH,2026-09-08T04:19:32.303815+00:00
SKU-1216,WH-046,394,29,FRESH,2026-09-08T04:19:15.303818+00:00
SKU-1217,WH-019,188,49,FRESH,2026-09-08T04:20:19.303820+00:00
SKU-1218,WH-031,78,39,FRESH,2026-09-08T04:19:19.303823+00:00
SKU-1219,WH-024,212,45,STALE,2026-09-08T04:09:41.303825+00:00
SKU-1220,WH-043,422,23,FRESH,2026-09-08T04:19:09.303828+00:00
SKU-1221,WH-049,305,15,FRESH,2026-09-08T04:19:29.303831+00:00
SKU-1222,WH-046,185,14,STALE,2026-09-08T04:16:41.303834+00:00
SKU-1223,WH-004,424,45,STALE,2026-09-08T04:14:41.303836+00:00
SKU-1224,WH-037,274,19,FRESH,2026-09-08T04:19:30.303839+00:00
SKU-1225,WH-029,59,23,FRESH,2026-09-08T04:19:34.303841+00:00
SKU-1226,WH-006,460,42,FRESH,2026-09-08T04:20:29.303843+00:00
SKU-1227,WH-030,67,42,FRESH,2026-09-08T04:19:24.303846+00:00
SKU-1228,WH-004,286,39,FRESH,2026-09-08T04:19:57.303848+00:00
SKU-1229,WH-047,11,35,FRESH,2026-09-08T04:20:36.303851+00:00
SKU-1230,WH-048,111,47,FRESH,2026-09-08T04:19:42.303853+00:00
SKU-1231,WH-023,358,14,FRESH,2026-09-08T04:20:29.303855+00:00
SKU-1232,WH-005,478,40,FRESH,2026-09-08T04:19:44.303858+00:00
SKU-1233,WH-012,393,18,FRESH,2026-09-08T04:19:03.303860+00:00
SKU-1234,WH-042,493,36,FRESH,2026-09-08T04:19:48.303863+00:00
SKU-1235,WH-029,445,34,FRESH,2026-09-08T04:19:09.303866+00:00
SKU-1236,WH-043,447,44,FRESH,2026-09-08T04:19:52.303868+00:00
SKU-1237,WH-008,91,44,FRESH,2026-09-08T04:20:20.303871+00:00
SKU-1238,WH-047,114,10,FRESH,2026-09-08T04:19:58.303874+00:00
SKU-1239,WH-030,344,44,FRESH,2026-09-08T04:19:48.303877+00:00
SKU-1240,WH-015,126,39,FRESH,2026-09-08T04:20:01.303879+00:00
SKU-1241,WH-013,479,17,FRESH,2026-09-08T04:19:12.303883+00:00
SKU-1242,WH-027,314,11,FRESH,2026-09-08T04:20:28.303885+00:00
SKU-1243,WH-007,304,12,FRESH,2026-09-08T04:19:10.303888+00:00
SKU-1244,WH-046,446,13,FRESH,2026-09-08T04:20:31.303891+00:00
SKU-1245,WH-026,224,24,FRESH,2026-09-08T04:19:00.303893+00:00
SKU-1246,WH-050,28,18,FRESH,2026-09-08T04:19:59.303896+00:00
SKU-1247,WH-015,417,46,FRESH,2026-09-08T04:19:20.303898+00:00
SKU-1248,WH-050,344,30,FRESH,2026-09-08T04:20:18.303901+00:00
SKU-1249,WH-043,266,24,FRESH,2026-09-08T04:20:01.303903+00:00
SKU-1250,WH-004,285,47,FRESH,2026-09-08T04:20:14.303906+00:00
SKU-1251,WH-041,347,37,FRESH,2026-09-08T04:20:30.303908+00:00
SKU-1252,WH-023,482,34,FRESH,2026-09-08T04:19:56.303912+00:00
SKU-1253,WH-045,213,36,FRESH,2026-09-08T04:19:48.303914+00:00
SKU-1254,WH-012,386,44,FRESH,2026-09-08T04:20:08.303916+00:00
SKU-1255,WH-020,439,19,FRESH,2026-09-08T04:20:29.303919+00:00
SKU-1256,WH-036,211,36,FRESH,2026-09-08T04:20:19.303921+00:00
SKU-1257,WH-025,124,26,FRESH,2026-09-08T04:19:14.303924+00:00
SKU-1258,WH-006,472,38,FRESH,2026-09-08T04:20:25.303926+00:00
SKU-1259,WH-035,370,22,FRESH,2026-09-08T04:19:48.303929+00:00
SKU-1260,WH-044,309,48,FRESH,2026-09-08T04:20:27.303932+00:00
SKU-1261,WH-013,411,47,FRESH,2026-09-08T04:19:25.303937+00:00
SKU-1262,WH-014,245,23,FRESH,2026-09-08T04:19:54.303941+00:00
SKU-1263,WH-020,489,10,FRESH,2026-09-08T04:20:12.303943+00:00
SKU-1264,WH-048,60,40,STALE,2026-09-08T04:06:41.303946+00:00
SKU-1265,WH-039,360,23,FRESH,2026-09-08T04:20:06.303949+00:00
SKU-1266,WH-036,164,28,FRESH,2026-09-08T04:19:28.303951+00:00
SKU-1267,WH-042,183,29,FRESH,2026-09-08T04:19:31.303953+00:00
SKU-1268,WH-032,238,16,FRESH,2026-09-08T04:19:04.303956+00:00
SKU-1269,WH-031,389,30,STALE,2026-09-08T04:12:41.303958+00:00
SKU-1270,WH-021,211,12,FRESH,2026-09-08T04:20:08.303962+00:00
SKU-1271,WH-048,74,11,FRESH,2026-09-08T04:19:22.303965+00:00
SKU-1272,WH-038,368,36,FRESH,2026-09-08T04:20:11.303967+00:00
SKU-1273,WH-022,117,34,FRESH,2026-09-08T04:20:05.303970+00:00
SKU-1274,WH-032,281,31,FRESH,2026-09-08T04:18:51.303972+00:00
SKU-1275,WH-032,494,41,FRESH,2026-09-08T04:19:03.303975+00:00
SKU-1276,WH-023,86,18,FRESH,2026-09-08T04:19:34.303977+00:00
SKU-1277,WH-012,469,44,MISSING,2026-09-08T03:20:41.303979+00:00
SKU-1278,WH-034,17,14,STALE,2026-09-08T04:07:41.303982+00:00
SKU-1279,WH-004,391,10,FRESH,2026-09-08T04:19:16.303985+00:00
SKU-1280,WH-015,34,19,FRESH,2026-09-08T04:19:32.303988+00:00
SKU-1281,WH-030,191,13,FRESH,2026-09-08T04:19:11.303991+00:00
SKU-1282,WH-040,467,40,FRESH,2026-09-08T04:20:34.303993+00:00
SKU-1283,WH-001,272,45,FRESH,2026-09-08T04:20:34.303996+00:00
SKU-1284,WH-034,369,27,FRESH,2026-09-08T04:20:00.303998+00:00
SKU-1285,WH-002,257,37,FRESH,2026-09-08T04:20:14.304001+00:00
SKU-1286,WH-007,470,16,FRESH,2026-09-08T04:20:06.304003+00:00
SKU-1287,WH-013,317,43,FRESH,2026-09-08T04:19:51.304006+00:00
SKU-1288,WH-018,407,35,FRESH,2026-09-08T04:19:45.304008+00:00
SKU-1289,WH-030,289,25,MISSING,2026-09-08T00:20:41.304011+00:00
SKU-1290,WH-020,350,15,FRESH,2026-09-08T04:19:13.304014+00:00
SKU-1291,WH-049,16,15,FRESH,2026-09-08T04:19:48.304016+00:00
SKU-1292,WH-036,243,13,FRESH,2026-09-08T04:19:07.304018+00:00
SKU-1293,WH-011,42,41,FRESH,2026-09-08T04:19:14.304021+00:00
SKU-1294,WH-022,289,16,FRESH,2026-09-08T04:20:31.304023+00:00
SKU-1295,WH-015,108,46,FRESH,2026-09-08T04:20:31.304026+00:00
SKU-1296,WH-005,350,27,FRESH,2026-09-08T04:19:24.304028+00:00
SKU-1297,WH-043,16,21,STALE,2026-09-08T04:12:41.304030+00:00
SKU-1298,WH-002,492,23,FRESH,2026-09-08T04:19:00.304033+00:00
SKU-1299,WH-046,420,35,STALE,2026-09-08T04:13:41.304037+00:00
SKU-1300,WH-011,288,25,FRESH,2026-09-08T04:19:47.304039+00:00
SKU-1301,WH-044,459,44,FRESH,2026-09-08T04:19:00.304043+00:00
SKU-1302,WH-048,71,15,FRESH,2026-09-08T04:19:52.304046+00:00
SKU-1303,WH-004,50,37,FRESH,2026-09-08T04:20:27.304049+00:00
SKU-1304,WH-022,309,49,STALE,2026-09-08T04:11:41.304051+00:00
SKU-1305,WH-050,167,11,FRESH,2026-09-08T04:18:56.304054+00:00
SKU-1306,WH-029,251,24,FRESH,2026-09-08T04:19:48.304056+00:00
SKU-1307,WH-028,95,47,FRESH,2026-09-08T04:20:26.304059+00:00
SKU-1308,WH-050,316,28,FRESH,2026-09-08T04:19:05.304061+00:00
SKU-1309,WH-005,42,27,FRESH,2026-09-08T04:19:05.304063+00:00
SKU-1310,WH-041,78,34,FRESH,2026-09-08T04:20:23.304066+00:00
SKU-1311,WH-006,2,29,FRESH,2026-09-08T04:18:59.304069+00:00
SKU-1312,WH-018,52,18,FRESH,2026-09-08T04:19:41.304071+00:00
SKU-1313,WH-029,285,45,FRESH,2026-09-08T04:20:23.304073+00:00
SKU-1314,WH-002,45,32,FRESH,2026-09-08T04:19:20.304076+00:00
SKU-1315,WH-039,401,30,FRESH,2026-09-08T04:20:35.304078+00:00
SKU-1316,WH-019,211,34,FRESH,2026-09-08T04:19:04.304080+00:00
SKU-1317,WH-036,463,25,FRESH,2026-09-08T04:20:15.304083+00:00
SKU-1318,WH-044,194,20,FRESH,2026-09-08T04:19:58.304085+00:00
SKU-1319,WH-018,252,19,FRESH,2026-09-08T04:19:41.304089+00:00
SKU-1320,WH-018,215,29,FRESH,2026-09-08T04:20:27.304092+00:00
SKU-1321,WH-024,128,25,FRESH,2026-09-08T04:19:33.304094+00:00
SKU-1322,WH-039,315,22,FRESH,2026-09-08T04:20:19.304096+00:00
SKU-1323,WH-020,3,35,FRESH,2026-09-08T04:19:17.304099+00:00
SKU-1324,WH-025,411,31,FRESH,2026-09-08T04:19:41.304101+00:00
SKU-1325,WH-042,498,48,FRESH,2026-09-08T04:19:55.304104+00:00
SKU-1326,WH-039,485,22,FRESH,2026-09-08T04:20:14.304106+00:00
SKU-1327,WH-026,495,30,FRESH,2026-09-08T04:19:08.304108+00:00
SKU-1328,WH-041,251,46,FRESH,2026-09-08T04:19:55.304111+00:00
SKU-1329,WH-025,143,35,FRESH,2026-09-08T04:19:24.304113+00:00
SKU-1330,WH-013,303,44,FRESH,2026-09-08T04:18:58.304116+00:00
SKU-1331,WH-036,13,39,STALE,2026-09-08T04:14:41.304118+00:00
SKU-1332,WH-029,408,28,FRESH,2026-09-08T04:20:28.304121+00:00
SKU-1333,WH-027,344,41,FRESH,2026-09-08T04:19:58.304125+00:00
SKU-1334,WH-016,129,19,FRESH,2026-09-08T04:18:55.304127+00:00
SKU-1335,WH-025,37,38,MISSING,2026-09-07T20:20:41.304129+00:00
SKU-1336,WH-038,205,44,FRESH,2026-09-08T04:19:08.304132+00:00
SKU-1337,WH-027,278,12,FRESH,2026-09-08T04:19:50.304135+00:00
SKU-1338,WH-045,458,44,FRESH,2026-09-08T04:20:26.304138+00:00
SKU-1339,WH-007,393,25,FRESH,2026-09-08T04:19:51.304141+00:00
SKU-1340,WH-011,331,49,FRESH,2026-09-08T04:19:14.304143+00:00
SKU-1341,WH-044,331,35,STALE,2026-09-08T04:12:41.304146+00:00
SKU-1342,WH-028,54,10,FRESH,2026-09-08T04:20:08.304149+00:00
SKU-1343,WH-033,382,43,FRESH,2026-09-08T04:19:08.304151+00:00
SKU-1344,WH-037,113,38,FRESH,2026-09-08T04:19:37.304154+00:00
SKU-1345,WH-050,347,47,FRESH,2026-09-08T04:20:17.304156+00:00
SKU-1346,WH-023,12,40,FRESH,2026-09-08T04:19:43.304159+00:00
SKU-1347,WH-006,59,19,FRESH,2026-09-08T04:19:53.304161+00:00
SKU-1348,WH-030,401,23,FRESH,2026-09-08T04:19:52.304164+00:00
SKU-1349,WH-031,49,38,FRESH,2026-09-08T04:19:39.304166+00:00
SKU-1350,WH-021,34,29,FRESH,2026-09-08T04:19:06.304169+00:00
SKU-1351,WH-008,11,31,FRESH,2026-09-08T04:19:10.304171+00:00
SKU-1352,WH-011,476,25,FRESH,2026-09-08T04:19:26.304174+00:00
SKU-1353,WH-011,169,45,FRESH,2026-09-08T04:19:37.304176+00:00
SKU-1354,WH-015,408,35,FRESH,2026-09-08T04:20:13.304179+00:00
SKU-1355,WH-041,336,37,FRESH,2026-09-08T04:19:02.304183+00:00
SKU-1356,WH-040,452,22,FRESH,2026-09-08T04:19:42.304185+00:00
SKU-1357,WH-025,2,23,FRESH,2026-09-08T04:19:00.304188+00:00
SKU-1358,WH-046,414,14,FRESH,2026-09-08T04:18:54.304191+00:00
SKU-1359,WH-035,95,33,FRESH,2026-09-08T04:19:38.304194+00:00
SKU-1360,WH-008,134,41,FRESH,2026-09-08T04:19:15.304196+00:00
SKU-1361,WH-021,305,34,FRESH,2026-09-08T04:19:21.304199+00:00
SKU-1362,WH-008,178,32,FRESH,2026-09-08T04:19:17.304201+00:00
SKU-1363,WH-012,416,29,STALE,2026-09-08T04:08:41.304204+00:00
SKU-1364,WH-006,344,18,FRESH,2026-09-08T04:20:06.304206+00:00
SKU-1365,WH-020,59,21,FRESH,2026-09-08T04:20:18.304210+00:00
SKU-1366,WH-033,198,36,FRESH,2026-09-08T04:19:23.304212+00:00
SKU-1367,WH-025,216,21,FRESH,2026-09-08T04:19:28.304215+00:00
SKU-1368,WH-045,470,21,FRESH,2026-09-08T04:19:34.304217+00:00
SKU-1369,WH-019,71,21,FRESH,2026-09-08T04:19:39.304220+00:00
SKU-1370,WH-040,27,32,STALE,2026-09-08T04:10:41.304222+00:00
SKU-1371,WH-009,99,34,STALE,2026-09-08T04:09:41.304225+00:00
SKU-1372,WH-042,253,36,FRESH,2026-09-08T04:19:43.304227+00:00
SKU-1373,WH-046,430,38,FRESH,2026-09-08T04:20:26.304229+00:00
SKU-1374,WH-037,15,24,FRESH,2026-09-08T04:20:01.304232+00:00
SKU-1375,WH-015,275,28,FRESH,2026-09-08T04:19:38.304234+00:00
SKU-1376,WH-037,380,41,FRESH,2026-09-08T04:20:22.304237+00:00
SKU-1377,WH-037,58,27,FRESH,2026-09-08T04:18:51.304240+00:00
SKU-1378,WH-024,277,12,FRESH,2026-09-08T04:19:40.304242+00:00
SKU-1379,WH-035,111,37,FRESH,2026-09-08T04:19:13.304245+00:00
SKU-1380,WH-049,126,29,FRESH,2026-09-08T04:20:32.304247+00:00
SKU-1381,WH-029,134,32,FRESH,2026-09-08T04:20:25.304249+00:00
SKU-1382,WH-029,443,17,FRESH,2026-09-08T04:20:06.304252+00:00
SKU-1383,WH-014,415,47,FRESH,2026-09-08T04:19:06.304254+00:00
SKU-1384,WH-040,323,37,FRESH,2026-09-08T04:20:19.304257+00:00
SKU-1385,WH-014,416,23,FRESH,2026-09-08T04:19:24.304259+00:00
SKU-1386,WH-023,272,27,FRESH,2026-09-08T04:20:15.304262+00:00
SKU-1387,WH-021,360,28,FRESH,2026-09-08T04:20:02.304264+00:00
SKU-1388,WH-033,460,16,FRESH,2026-09-08T04:19:00.304267+00:00
SKU-1389,WH-027,470,13,MISSING,2026-09-08T01:20:41.304269+00:00
SKU-1390,WH-045,443,18,FRESH,2026-09-08T04:19:05.304272+00:00
SKU-1391,WH-021,424,25,FRESH,2026-09-08T04:19:10.304275+00:00
SKU-1392,WH-026,250,19,FRESH,2026-09-08T04:20:02.304277+00:00
SKU-1393,WH-041,212,34,FRESH,2026-09-08T04:19:15.304280+00:00
SKU-1394,WH-050,47,35,FRESH,2026-09-08T04:20:01.304282+00:00
SKU-1395,WH-045,479,33,FRESH,2026-09-08T04:19:34.304284+00:00
SKU-1396,WH-021,297,10,FRESH,2026-09-08T04:19:03.304287+00:00
SKU-1397,WH-006,374,39,FRESH,2026-09-08T04:19:07.304293+00:00
SKU-1398,WH-023,435,14,FRESH,2026-09-08T04:19:46.304296+00:00
SKU-1399,WH-014,495,37,FRESH,2026-09-08T04:19:33.304298+00:00
SKU-1400,WH-018,165,28,FRESH,2026-09-08T04:19:23.304301+00:00
SKU-1401,WH-009,289,41,FRESH,2026-09-08T04:19:09.304303+00:00
SKU-1402,WH-049,24,12,FRESH,2026-09-08T04:18:56.304306+00:00
SKU-1403,WH-030,8,17,STALE,2026-09-08T04:15:41.304308+00:00
SKU-1404,WH-029,233,10,MISSING,2026-09-07T21:20:41.304311+00:00
SKU-1405,WH-013,352,18,FRESH,2026-09-08T04:19:58.304315+00:00
SKU-1406,WH-011,447,27,FRESH,2026-09-08T04:19:50.304317+00:00
SKU-1407,WH-017,42,33,FRESH,2026-09-08T04:19:13.304319+00:00
SKU-1408,WH-011,26,35,FRESH,2026-09-08T04:19:04.304322+00:00
SKU-1409,WH-045,386,24,FRESH,2026-09-08T04:20:25.304324+00:00
SKU-1410,WH-046,48,10,FRESH,2026-09-08T04:20:27.304327+00:00
SKU-1411,WH-009,303,24,FRESH,2026-09-08T04:19:40.304329+00:00
SKU-1412,WH-001,4,31,FRESH,2026-09-08T04:19:42.304331+00:00
SKU-1413,WH-045,67,40,FRESH,2026-09-08T04:19:47.304334+00:00
SKU-1414,WH-006,374,16,FRESH,2026-09-08T04:19:49.304336+00:00
SKU-1415,WH-020,70,34,FRESH,2026-09-08T04:19:00.304345+00:00
SKU-1416,WH-009,328,19,FRESH,2026-09-08T04:19:24.304348+00:00
SKU-1417,WH-001,312,20,FRESH,2026-09-08T04:19:04.304350+00:00
SKU-1418,WH-014,321,19,STALE,2026-09-08T04:08:41.304353+00:00
SKU-1419,WH-044,226,23,FRESH,2026-09-08T04:20:24.304356+00:00
SKU-1420,WH-009,385,17,FRESH,2026-09-08T04:19:47.304358+00:00
SKU-1421,WH-023,493,37,FRESH,2026-09-08T04:20:19.304361+00:00
SKU-1422,WH-016,141,15,FRESH,2026-09-08T04:19:20.304363+00:00
SKU-1423,WH-039,369,48,FRESH,2026-09-08T04:19:08.304366+00:00
SKU-1424,WH-002,434,29,FRESH,2026-09-08T04:19:19.304368+00:00
SKU-1425,WH-033,96,35,FRESH,2026-09-08T04:20:30.304371+00:00
SKU-1426,WH-016,253,34,FRESH,2026-09-08T04:19:33.304373+00:00
SKU-1427,WH-041,304,14,FRESH,2026-09-08T04:20:35.304377+00:00
SKU-1428,WH-024,478,30,FRESH,2026-09-08T04:19:24.304379+00:00
SKU-1429,WH-027,187,44,FRESH,2026-09-08T04:18:59.304382+00:00
SKU-1430,WH-031,488,14,FRESH,2026-09-08T04:20:28.304384+00:00
SKU-1431,WH-001,134,23,FRESH,2026-09-08T04:20:29.304387+00:00
SKU-1432,WH-026,259,28,FRESH,2026-09-08T04:19:32.304389+00:00
SKU-1433,WH-050,212,37,FRESH,2026-09-08T04:20:26.304392+00:00
SKU-1434,WH-041,274,44,FRESH,2026-09-08T04:20:01.304395+00:00
SKU-1435,WH-006,158,15,FRESH,2026-09-08T04:20:10.304397+00:00
SKU-1436,WH-010,274,30,FRESH,2026-09-08T04:19:15.304401+00:00
SKU-1437,WH-049,427,14,FRESH,2026-09-08T04:19:41.304403+00:00
SKU-1438,WH-047,488,25,FRESH,2026-09-08T04:20:25.304406+00:00
SKU-1439,WH-028,59,39,FRESH,2026-09-08T04:20:29.304408+00:00
SKU-1440,WH-020,341,21,FRESH,2026-09-08T04:19:06.304411+00:00
SKU-1441,WH-009,359,10,FRESH,2026-09-08T04:19:52.304413+00:00
SKU-1442,WH-034,264,26,FRESH,2026-09-08T04:20:20.304416+00:00
SKU-1443,WH-048,399,27,FRESH,2026-09-08T04:20:21.304418+00:00
SKU-1444,WH-050,460,11,FRESH,2026-09-08T04:19:42.304421+00:00
SKU-1445,WH-018,268,14,FRESH,2026-09-08T04:19:23.304424+00:00
SKU-1446,WH-041,39,41,FRESH,2026-09-08T04:19:50.304426+00:00
SKU-1447,WH-004,255,46,FRESH,2026-09-08T04:20:16.304429+00:00
SKU-1448,WH-017,395,16,FRESH,2026-09-08T04:19:10.304431+00:00
SKU-1449,WH-047,59,24,FRESH,2026-09-08T04:20:36.304434+00:00
SKU-1450,WH-003,439,10,FRESH,2026-09-08T04:19:36.304436+00:00
SKU-1451,WH-024,196,19,FRESH,2026-09-08T04:20:32.304438+00:00
SKU-1452,WH-036,411,36,FRESH,2026-09-08T04:20:05.304441+00:00
SKU-1453,WH-027,468,30,FRESH,2026-09-08T04:20:27.304443+00:00
SKU-1454,WH-037,190,17,FRESH,2026-09-08T04:20:30.304446+00:00
SKU-1455,WH-012,114,43,MISSING,2026-09-07T21:20:41.304449+00:00
SKU-1456,WH-005,449,39,FRESH,2026-09-08T04:18:57.304453+00:00
SKU-1457,WH-020,167,15,FRESH,2026-09-08T04:20:35.304456+00:00
SKU-1458,WH-024,102,28,FRESH,2026-09-08T04:19:58.304476+00:00
SKU-1459,WH-048,318,25,FRESH,2026-09-08T04:19:21.304479+00:00
SKU-1460,WH-032,395,22,FRESH,2026-09-08T04:19:27.304482+00:00
SKU-1461,WH-049,407,25,FRESH,2026-09-08T04:19:44.304485+00:00
SKU-1462,WH-002,119,44,FRESH,2026-09-08T04:19:08.304487+00:00
SKU-1463,WH-001,486,31,FRESH,2026-09-08T04:19:12.304490+00:00
SKU-1464,WH-025,434,29,FRESH,2026-09-08T04:19:29.304492+00:00
SKU-1465,WH-016,214,41,STALE,2026-09-08T04:15:41.304495+00:00
SKU-1466,WH-046,143,15,FRESH,2026-09-08T04:20:07.304498+00:00
SKU-1467,WH-034,211,33,FRESH,2026-09-08T04:19:01.304500+00:00
SKU-1468,WH-006,297,16,FRESH,2026-09-08T04:19:15.304503+00:00
SKU-1469,WH-026,38,47,FRESH,2026-09-08T04:19:41.304505+00:00
SKU-1470,WH-043,493,18,FRESH,2026-09-08T04:20:03.304508+00:00
SKU-1471,WH-021,474,35,FRESH,2026-09-08T04:19:02.304510+00:00
SKU-1472,WH-021,162,38,FRESH,2026-09-08T04:20:27.304513+00:00
SKU-1473,WH-013,69,47,FRESH,2026-09-08T04:20:23.304515+00:00
SKU-1474,WH-011,230,39,FRESH,2026-09-08T04:20:21.304518+00:00
SKU-1475,WH-035,183,23,FRESH,2026-09-08T04:19:37.304522+00:00
SKU-1476,WH-017,436,17,FRESH,2026-09-08T04:18:53.304524+00:00
SKU-1477,WH-044,155,48,FRESH,2026-09-08T04:19:55.304527+00:00
SKU-1478,WH-010,46,25,STALE,2026-09-08T04:11:41.304530+00:00
SKU-1479,WH-033,25,29,FRESH,2026-09-08T04:20:14.304533+00:00
SKU-1480,WH-002,487,35,FRESH,2026-09-08T04:19:25.304536+00:00
SKU-1481,WH-048,281,25,FRESH,2026-09-08T04:20:23.304539+00:00
SKU-1482,WH-009,62,10,FRESH,2026-09-08T04:18:57.304541+00:00
SKU-1483,WH-015,66,22,FRESH,2026-09-08T04:19:49.304544+00:00
SKU-1484,WH-044,322,15,FRESH,2026-09-08T04:20:03.304546+00:00
SKU-1485,WH-005,11,14,FRESH,2026-09-08T04:19:14.304549+00:00
SKU-1486,WH-029,414,18,FRESH,2026-09-08T04:18:53.304552+00:00
SKU-1487,WH-022,62,12,STALE,2026-09-08T04:17:41.304554+00:00
SKU-1488,WH-011,473,46,FRESH,2026-09-08T04:19:04.304557+00:00
SKU-1489,WH-026,254,11,FRESH,2026-09-08T04:19:42.304559+00:00
SKU-1490,WH-012,181,23,STALE,2026-09-08T04:13:41.304562+00:00
SKU-1491,WH-018,228,19,FRESH,2026-09-08T04:19:17.304569+00:00
SKU-1492,WH-040,125,28,FRESH,2026-09-08T04:19:26.304571+00:00
SKU-1493,WH-031,31,15,FRESH,2026-09-08T04:20:19.304574+00:00
SKU-1494,WH-027,102,43,FRESH,2026-09-08T04:18:54.304577+00:00
SKU-1495,WH-035,406,11,MISSING,2026-09-07T22:20:41.304579+00:00
SKU-1496,WH-031,278,41,FRESH,2026-09-08T04:19:24.304583+00:00
SKU-1497,WH-033,164,34,FRESH,2026-09-08T04:20:33.304585+00:00
SKU-1498,WH-021,305,24,FRESH,2026-09-08T04:18:53.304588+00:00
SKU-1499,WH-050,143,13,FRESH,2026-09-08T04:19:36.304591+00:00
SKU-1500,WH-034,183,47,MISSING,2026-09-08T01:20:41.304593+00:00
SKU-1501,WH-007,126,25,FRESH,2026-09-08T04:18:52.304596+00:00
SKU-1502,WH-048,28,24,FRESH,2026-09-08T04:18:54.304599+00:00
SKU-1503,WH-025,181,21,FRESH,2026-09-08T04:19:21.304601+00:00
SKU-1504,WH-021,412,32,STALE,2026-09-08T04:17:41.304604+00:00
SKU-1505,WH-046,358,32,STALE,2026-09-08T04:08:41.304607+00:00
SKU-1506,WH-010,288,22,FRESH,2026-09-08T04:18:53.304610+00:00
SKU-1507,WH-032,277,29,FRESH,2026-09-08T04:20:32.304613+00:00
SKU-1508,WH-006,28,24,FRESH,2026-09-08T04:20:34.304616+00:00
SKU-1509,WH-034,244,10,FRESH,2026-09-08T04:19:18.304618+00:00
SKU-1510,WH-013,412,18,FRESH,2026-09-08T04:20:14.304620+00:00
SKU-1511,WH-021,30,11,FRESH,2026-09-08T04:19:06.304623+00:00
SKU-1512,WH-010,396,17,FRESH,2026-09-08T04:19:50.304625+00:00
SKU-1513,WH-005,191,35,FRESH,2026-09-08T04:19:53.304628+00:00
SKU-1514,WH-020,165,18,MISSING,2026-09-07T21:20:41.304631+00:00
SKU-1515,WH-041,491,41,FRESH,2026-09-08T04:20:14.304634+00:00
SKU-1516,WH-046,495,45,FRESH,2026-09-08T04:19:18.304637+00:00
SKU-1517,WH-023,114,47,FRESH,2026-09-08T04:19:48.304640+00:00
SKU-1518,WH-020,375,28,FRESH,2026-09-08T04:19:03.304642+00:00
SKU-1519,WH-001,485,46,FRESH,2026-09-08T04:18:58.304645+00:00
SKU-1520,WH-037,16,21,FRESH,2026-09-08T04:18:53.304648+00:00
SKU-1521,WH-040,113,50,FRESH,2026-09-08T04:19:33.304651+00:00
SKU-1522,WH-010,169,14,FRESH,2026-09-08T04:19:56.304655+00:00
SKU-1523,WH-011,325,15,FRESH,2026-09-08T04:19:11.304657+00:00
SKU-1524,WH-041,373,31,FRESH,2026-09-08T04:20:03.304660+00:00
SKU-1525,WH-014,127,14,FRESH,2026-09-08T04:18:56.304663+00:00
SKU-1526,WH-007,368,10,FRESH,2026-09-08T04:19:40.304665+00:00
SKU-1527,WH-047,214,20,FRESH,2026-09-08T04:19:33.304668+00:00
SKU-1528,WH-025,179,44,FRESH,2026-09-08T04:19:35.304670+00:00
SKU-1529,WH-037,333,24,FRESH,2026-09-08T04:20:27.304673+00:00
SKU-1530,WH-003,150,11,FRESH,2026-09-08T04:20:23.304675+00:00
SKU-1531,WH-005,175,20,FRESH,2026-09-08T04:20:16.304678+00:00
SKU-1532,WH-047,38,45,STALE,2026-09-08T04:16:41.304680+00:00
SKU-1533,WH-022,304,49,FRESH,2026-09-08T04:19:06.304684+00:00
SKU-1534,WH-002,220,20,FRESH,2026-09-08T04:19:41.304687+00:00
SKU-1535,WH-011,27,16,FRESH,2026-09-08T04:20:12.304689+00:00
SKU-1536,WH-027,356,45,FRESH,2026-09-08T04:19:03.304692+00:00
SKU-1537,WH-035,135,28,FRESH,2026-09-08T04:20:24.304695+00:00
SKU-1538,WH-004,201,46,FRESH,2026-09-08T04:19:34.304697+00:00
SKU-1539,WH-010,27,33,FRESH,2026-09-08T04:20:25.304700+00:00
SKU-1540,WH-019,421,50,FRESH,2026-09-08T04:20:11.304702+00:00
SKU-1541,WH-007,13,23,FRESH,2026-09-08T04:19:59.304705+00:00
SKU-1542,WH-006,242,17,FRESH,2026-09-08T04:19:46.304707+00:00
SKU-1543,WH-031,250,26,FRESH,2026-09-08T04:19:27.304710+00:00
SKU-1544,WH-025,94,33,FRESH,2026-09-08T04:19:49.304712+00:00
SKU-1545,WH-012,228,12,FRESH,2026-09-08T04:19:37.304715+00:00
SKU-1546,WH-017,115,27,FRESH,2026-09-08T04:20:17.304717+00:00
SKU-1547,WH-049,356,16,FRESH,2026-09-08T04:19:52.304720+00:00
SKU-1548,WH-035,211,47,FRESH,2026-09-08T04:20:29.304723+00:00
SKU-1549,WH-025,419,43,FRESH,2026-09-08T04:19:28.304725+00:00
SKU-1550,WH-044,443,40,FRESH,2026-09-08T04:20:06.304728+00:00
SKU-1551,WH-031,153,15,FRESH,2026-09-08T04:19:05.304730+00:00
SKU-1552,WH-003,257,46,STALE,2026-09-08T04:08:41.304733+00:00
SKU-1553,WH-044,317,19,FRESH,2026-09-08T04:19:00.304738+00:00
SKU-1554,WH-029,88,20,MISSING,2026-09-08T00:20:41.304740+00:00
SKU-1555,WH-009,21,37,FRESH,2026-09-08T04:19:09.304743+00:00
SKU-1556,WH-028,103,50,FRESH,2026-09-08T04:19:20.304746+00:00
SKU-1557,WH-017,163,14,FRESH,2026-09-08T04:19:25.304748+00:00
SKU-1558,WH-026,282,30,FRESH,2026-09-08T04:19:30.304751+00:00
SKU-1559,WH-030,469,10,FRESH,2026-09-08T04:19:17.304754+00:00
SKU-1560,WH-038,267,36,FRESH,2026-09-08T04:20:17.304757+00:00
SKU-1561,WH-010,290,47,FRESH,2026-09-08T04:20:24.304759+00:00
SKU-1562,WH-007,288,16,FRESH,2026-09-08T04:19:28.304762+00:00
SKU-1563,WH-023,449,36,FRESH,2026-09-08T04:19:13.304765+00:00
SKU-1564,WH-032,292,48,FRESH,2026-09-08T04:20:14.304767+00:00
SKU-1565,WH-018,206,19,FRESH,2026-09-08T04:19:09.304769+00:00
SKU-1566,WH-045,205,12,FRESH,2026-09-08T04:19:54.304772+00:00
SKU-1567,WH-045,121,13,FRESH,2026-09-08T04:20:02.304774+00:00
SKU-1568,WH-024,10,31,FRESH,2026-09-08T04:19:58.304777+00:00
SKU-1569,WH-020,143,41,FRESH,2026-09-08T04:19:09.304779+00:00
SKU-1570,WH-007,497,24,FRESH,2026-09-08T04:19:01.304782+00:00
SKU-1571,WH-029,396,30,FRESH,2026-09-08T04:19:43.304784+00:00
SKU-1572,WH-039,330,15,FRESH,2026-09-08T04:20:09.304787+00:00
SKU-1573,WH-027,379,41,FRESH,2026-09-08T04:19:49.304790+00:00
SKU-1574,WH-004,263,20,FRESH,2026-09-08T04:19:06.304793+00:00
SKU-1575,WH-033,206,18,FRESH,2026-09-08T04:19:29.304795+00:00
SKU-1576,WH-037,14,21,FRESH,2026-09-08T04:20:11.304797+00:00
SKU-1577,WH-004,127,12,FRESH,2026-09-08T04:19:50.304800+00:00
SKU-1578,WH-046,101,27,FRESH,2026-09-08T04:19:37.304802+00:00
SKU-1579,WH-033,203,50,STALE,2026-09-08T04:07:41.304805+00:00
SKU-1580,WH-002,123,33,FRESH,2026-09-08T04:19:39.304807+00:00
SKU-1581,WH-012,491,40,FRESH,2026-09-08T04:19:52.304810+00:00
SKU-1582,WH-023,83,26,FRESH,2026-09-08T04:19:08.304812+00:00
SKU-1583,WH-006,145,11,FRESH,2026-09-08T04:20:16.304815+00:00
SKU-1584,WH-037,399,23,FRESH,2026-09-08T04:19:14.304817+00:00
SKU-1585,WH-015,346,23,FRESH,2026-09-08T04:19:44.304820+00:00
SKU-1586,WH-033,10,10,FRESH,2026-09-08T04:20:20.304823+00:00
SKU-1587,WH-042,88,48,FRESH,2026-09-08T04:20:08.304825+00:00
SKU-1588,WH-017,311,29,FRESH,2026-09-08T04:19:06.304828+00:00
SKU-1589,WH-042,140,37,FRESH,2026-09-08T04:19:52.304830+00:00
SKU-1590,WH-030,129,23,FRESH,2026-09-08T04:19:10.304833+00:00
SKU-1591,WH-034,422,49,FRESH,2026-09-08T04:20:23.304835+00:00
SKU-1592,WH-001,261,33,FRESH,2026-09-08T04:19:20.304839+00:00
SKU-1593,WH-039,144,29,FRESH,2026-09-08T04:19:35.304841+00:00
SKU-1594,WH-005,172,27,FRESH,2026-09-08T04:20:01.304844+00:00
SKU-1595,WH-017,335,29,FRESH,2026-09-08T04:19:30.304847+00:00
SKU-1596,WH-049,123,13,FRESH,2026-09-08T04:18:54.304849+00:00
SKU-1597,WH-039,206,30,FRESH,2026-09-08T04:19:04.304852+00:00
SKU-1598,WH-002,335,41,MISSING,2026-09-07T23:20:41.304854+00:00
SKU-1599,WH-027,207,34,FRESH,2026-09-08T04:19:22.304857+00:00
SKU-1600,WH-046,292,22,FRESH,2026-09-08T04:19:05.304860+00:00
SKU-1601,WH-015,351,44,FRESH,2026-09-08T04:19:36.304862+00:00
SKU-1602,WH-043,183,42,FRESH,2026-09-08T04:20:15.304865+00:00
SKU-1603,WH-043,448,45,FRESH,2026-09-08T04:20:24.304867+00:00
SKU-1604,WH-031,65,26,FRESH,2026-09-08T04:19:25.304870+00:00
SKU-1605,WH-049,467,21,STALE,2026-09-08T04:12:41.304872+00:00
SKU-1606,WH-042,45,24,FRESH,2026-09-08T04:19:01.304875+00:00
SKU-1607,WH-020,215,31,FRESH,2026-09-08T04:19:22.304877+00:00
SKU-1608,WH-019,237,17,FRESH,2026-09-08T04:19:15.304880+00:00
SKU-1609,WH-038,297,49,FRESH,2026-09-08T04:20:12.304883+00:00
SKU-1610,WH-033,61,34,FRESH,2026-09-08T04:19:44.304886+00:00
SKU-1611,WH-004,445,19,FRESH,2026-09-08T04:20:11.304889+00:00
SKU-1612,WH-022,209,46,FRESH,2026-09-08T04:19:38.304891+00:00
SKU-1613,WH-010,161,21,FRESH,2026-09-08T04:19:34.304894+00:00
SKU-1614,WH-022,323,21,FRESH,2026-09-08T04:20:29.304896+00:00
SKU-1615,WH-001,231,27,FRESH,2026-09-08T04:18:57.304899+00:00
SKU-1616,WH-011,295,20,FRESH,2026-09-08T04:18:59.304902+00:00
SKU-1617,WH-050,45,18,FRESH,2026-09-08T04:19:15.304905+00:00
SKU-1618,WH-028,206,37,STALE,2026-09-08T04:11:41.304907+00:00
SKU-1619,WH-001,19,44,FRESH,2026-09-08T04:19:49.304909+00:00
SKU-1620,WH-001,456,30,FRESH,2026-09-08T04:19:29.304912+00:00
SKU-1621,WH-013,9,10,FRESH,2026-09-08T04:20:05.304914+00:00
SKU-1622,WH-015,355,32,FRESH,2026-09-08T04:20:23.304917+00:00
SKU-1623,WH-025,257,47,FRESH,2026-09-08T04:20:28.304919+00:00
SKU-1624,WH-003,152,28,FRESH,2026-09-08T04:19:30.304922+00:00
SKU-1625,WH-039,268,31,FRESH,2026-09-08T04:19:09.304924+00:00
SKU-1626,WH-009,175,41,FRESH,2026-09-08T04:20:12.304926+00:00
SKU-1627,WH-011,485,35,FRESH,2026-09-08T04:20:08.304929+00:00
SKU-1628,WH-047,67,23,FRESH,2026-09-08T04:19:21.304931+00:00
SKU-1629,WH-033,86,17,FRESH,2026-09-08T04:19:13.304933+00:00
SKU-1630,WH-003,192,50,FRESH,2026-09-08T04:19:28.304936+00:00
SKU-1631,WH-040,24,48,MISSING,2026-09-08T02:20:41.304939+00:00
SKU-1632,WH-042,428,11,FRESH,2026-09-08T04:20:22.304942+00:00
SKU-1633,WH-027,227,34,FRESH,2026-09-08T04:20:04.304944+00:00
SKU-1634,WH-031,359,19,FRESH,2026-09-08T04:19:09.304947+00:00
SKU-1635,WH-041,4,29,FRESH,2026-09-08T04:20:24.304949+00:00
SKU-1636,WH-043,266,27,FRESH,2026-09-08T04:19:07.304951+00:00
SKU-1637,WH-009,214,16,FRESH,2026-09-08T04:19:17.304954+00:00
SKU-1638,WH-008,144,17,FRESH,2026-09-08T04:19:33.304956+00:00
SKU-1639,WH-013,311,22,FRESH,2026-09-08T04:19:30.304959+00:00
SKU-1640,WH-013,183,36,FRESH,2026-09-08T04:20:31.304961+00:00
SKU-1641,WH-036,254,23,FRESH,2026-09-08T04:19:35.304964+00:00
SKU-1642,WH-022,120,10,FRESH,2026-09-08T04:20:25.304966+00:00
SKU-1643,WH-008,427,46,FRESH,2026-09-08T04:20:17.304968+00:00
SKU-1644,WH-006,399,42,FRESH,2026-09-08T04:19:04.304971+00:00
SKU-1645,WH-007,463,26,FRESH,2026-09-08T04:19:38.304973+00:00
SKU-1646,WH-019,135,39,FRESH,2026-09-08T04:18:52.304976+00:00
SKU-1647,WH-012,447,12,FRESH,2026-09-08T04:19:50.304978+00:00
SKU-1648,WH-044,160,37,FRESH,2026-09-08T04:20:24.304982+00:00
SKU-1649,WH-049,455,12,FRESH,2026-09-08T04:20:19.304984+00:00
SKU-1650,WH-043,331,20,FRESH,2026-09-08T04:19:40.304988+00:00
SKU-1651,WH-040,137,15,FRESH,2026-09-08T04:19:53.304991+00:00
SKU-1652,WH-012,58,35,FRESH,2026-09-08T04:19:38.304993+00:00
SKU-1653,WH-018,427,34,FRESH,2026-09-08T04:19:35.304995+00:00
SKU-1654,WH-027,332,20,FRESH,2026-09-08T04:19:07.304998+00:00
SKU-1655,WH-047,30,20,FRESH,2026-09-08T04:19:21.305001+00:00
SKU-1656,WH-031,410,46,FRESH,2026-09-08T04:20:13.305003+00:00
SKU-1657,WH-040,194,32,FRESH,2026-09-08T04:19:09.305006+00:00
SKU-1658,WH-047,498,18,FRESH,2026-09-08T04:19:34.305008+00:00
SKU-1659,WH-008,454,36,FRESH,2026-09-08T04:20:28.305011+00:00
SKU-1660,WH-017,335,30,FRESH,2026-09-08T04:19:10.305014+00:00
SKU-1661,WH-034,392,46,FRESH,2026-09-08T04:20:08.305017+00:00
SKU-1662,WH-043,447,31,FRESH,2026-09-08T04:19:08.305019+00:00
SKU-1663,WH-045,316,16,FRESH,2026-09-08T04:19:03.305021+00:00
SKU-1664,WH-016,246,32,FRESH,2026-09-08T04:19:14.305024+00:00
SKU-1665,WH-025,76,45,FRESH,2026-09-08T04:19:18.305026+00:00
SKU-1666,WH-004,5,20,FRESH,2026-09-08T04:19:36.305029+00:00
SKU-1667,WH-032,445,20,FRESH,2026-09-08T04:19:34.305031+00:00
SKU-1668,WH-021,123,31,MISSING,2026-09-08T03:20:41.305034+00:00
SKU-1669,WH-033,114,45,FRESH,2026-09-08T04:19:45.305036+00:00
SKU-1670,WH-016,40,39,FRESH,2026-09-08T04:19:23.305042+00:00
SKU-1671,WH-029,45,41,FRESH,2026-09-08T04:20:21.305045+00:00
SKU-1672,WH-032,381,11,FRESH,2026-09-08T04:19:44.305047+00:00
SKU-1673,WH-003,285,45,FRESH,2026-09-08T04:20:25.305050+00:00
SKU-1674,WH-039,493,49,FRESH,2026-09-08T04:19:31.305052+00:00
SKU-1675,WH-036,105,39,STALE,2026-09-08T04:12:41.305055+00:00
SKU-1676,WH-004,418,24,FRESH,2026-09-08T04:19:54.305057+00:00
SKU-1677,WH-036,392,49,FRESH,2026-09-08T04:19:05.305060+00:00
SKU-1678,WH-043,186,38,FRESH,2026-09-08T04:18:59.305062+00:00
SKU-1679,WH-043,113,10,FRESH,2026-09-08T04:19:15.305066+00:00
SKU-1680,WH-019,280,43,FRESH,2026-09-08T04:20:23.305069+00:00
SKU-1681,WH-003,459,20,FRESH,2026-09-08T04:18:51.305071+00:00
SKU-1682,WH-046,380,36,FRESH,2026-09-08T04:19:18.305073+00:00
SKU-1683,WH-013,96,17,STALE,2026-09-08T04:11:41.305076+00:00
SKU-1684,WH-014,234,22,FRESH,2026-09-08T04:20:23.305078+00:00
SKU-1685,WH-049,212,12,STALE,2026-09-08T04:07:41.305081+00:00
SKU-1686,WH-038,63,38,FRESH,2026-09-08T04:19:21.305083+00:00
SKU-1687,WH-033,68,41,FRESH,2026-09-08T04:19:02.305086+00:00
SKU-1688,WH-004,283,37,FRESH,2026-09-08T04:19:35.305088+00:00
SKU-1689,WH-033,399,21,FRESH,2026-09-08T04:20:14.305091+00:00
SKU-1690,WH-047,417,18,FRESH,2026-09-08T04:19:12.305094+00:00
SKU-1691,WH-039,310,30,FRESH,2026-09-08T04:19:47.305096+00:00
SKU-1692,WH-027,311,25,FRESH,2026-09-08T04:19:53.305099+00:00
SKU-1693,WH-019,231,18,FRESH,2026-09-08T04:19:19.305101+00:00
SKU-1694,WH-045,453,42,FRESH,2026-09-08T04:19:07.305104+00:00
SKU-1695,WH-036,440,30,FRESH,2026-09-08T04:19:26.305106+00:00
SKU-1696,WH-041,111,22,FRESH,2026-09-08T04:19:05.305109+00:00
SKU-1697,WH-019,351,32,STALE,2026-09-08T04:15:41.305111+00:00
SKU-1698,WH-046,332,21,FRESH,2026-09-08T04:19:08.305113+00:00
SKU-1699,WH-041,165,17,FRESH,2026-09-08T04:19:25.305116+00:00
SKU-1700,WH-031,298,46,STALE,2026-09-08T04:06:41.305118+00:00
SKU-1701,WH-027,345,44,FRESH,2026-09-08T04:19:42.305121+00:00
SKU-1702,WH-001,267,16,FRESH,2026-09-08T04:20:18.305123+00:00
SKU-1703,WH-004,343,13,FRESH,2026-09-08T04:19:00.305126+00:00
SKU-1704,WH-011,146,26,FRESH,2026-09-08T04:20:29.305128+00:00
SKU-1705,WH-045,401,28,FRESH,2026-09-08T04:19:27.305131+00:00
SKU-1706,WH-003,183,38,FRESH,2026-09-08T04:19:10.305133+00:00
SKU-1707,WH-048,287,24,FRESH,2026-09-08T04:19:25.305137+00:00
SKU-1708,WH-025,121,42,FRESH,2026-09-08T04:18:54.305142+00:00
SKU-1709,WH-045,147,13,STALE,2026-09-08T04:11:41.305146+00:00
SKU-1710,WH-027,489,30,STALE,2026-09-08T04:17:41.305148+00:00
SKU-1711,WH-001,380,26,FRESH,2026-09-08T04:18:57.305153+00:00
SKU-1712,WH-029,424,24,STALE,2026-09-08T04:06:41.305156+00:00
SKU-1713,WH-046,331,33,FRESH,2026-09-08T04:19:27.305158+00:00
SKU-1714,WH-048,308,22,FRESH,2026-09-08T04:20:12.305161+00:00
SKU-1715,WH-019,229,21,MISSING,2026-09-08T02:20:41.305163+00:00
SKU-1716,WH-012,492,21,FRESH,2026-09-08T04:20:21.305166+00:00
SKU-1717,WH-025,20,37,FRESH,2026-09-08T04:20:03.305168+00:00
SKU-1718,WH-009,82,47,FRESH,2026-09-08T04:20:36.305171+00:00
SKU-1719,WH-022,238,19,FRESH,2026-09-08T04:19:55.305173+00:00
SKU-1720,WH-039,26,50,FRESH,2026-09-08T04:19:12.305176+00:00
SKU-1721,WH-020,251,46,FRESH,2026-09-08T04:20:27.305178+00:00
SKU-1722,WH-046,162,43,FRESH,2026-09-08T04:20:13.305180+00:00
SKU-1723,WH-034,34,42,FRESH,2026-09-08T04:19:27.305183+00:00
SKU-1724,WH-035,206,15,FRESH,2026-09-08T04:20:09.305185+00:00
SKU-1725,WH-043,169,31,FRESH,2026-09-08T04:20:09.305188+00:00
SKU-1726,WH-049,316,43,FRESH,2026-09-08T04:19:25.305190+00:00
SKU-1727,WH-049,332,10,FRESH,2026-09-08T04:19:52.305192+00:00
SKU-1728,WH-029,123,49,STALE,2026-09-08T04:14:41.305196+00:00
SKU-1729,WH-003,349,30,FRESH,2026-09-08T04:18:55.305199+00:00
SKU-1730,WH-008,197,26,FRESH,2026-09-08T04:20:00.305201+00:00
SKU-1731,WH-002,466,43,FRESH,2026-09-08T04:19:49.305203+00:00
SKU-1732,WH-033,411,42,FRESH,2026-09-08T04:20:31.305206+00:00
SKU-1733,WH-019,459,22,FRESH,2026-09-08T04:20:26.305208+00:00
SKU-1734,WH-007,85,44,FRESH,2026-09-08T04:19:16.305211+00:00
SKU-1735,WH-005,107,50,FRESH,2026-09-08T04:19:09.305213+00:00
SKU-1736,WH-028,427,16,FRESH,2026-09-08T04:19:07.305216+00:00
SKU-1737,WH-048,396,37,FRESH,2026-09-08T04:20:27.305219+00:00
SKU-1738,WH-048,351,19,FRESH,2026-09-08T04:19:05.305221+00:00
SKU-1739,WH-022,19,15,FRESH,2026-09-08T04:20:14.305224+00:00
SKU-1740,WH-017,285,14,FRESH,2026-09-08T04:20:07.305226+00:00
SKU-1741,WH-017,208,34,FRESH,2026-09-08T04:19:45.305228+00:00
SKU-1742,WH-028,161,11,FRESH,2026-09-08T04:20:21.305231+00:00
SKU-1743,WH-035,3,49,FRESH,2026-09-08T04:19:01.305234+00:00
SKU-1744,WH-038,23,14,FRESH,2026-09-08T04:19:32.305237+00:00
SKU-1745,WH-007,148,29,FRESH,2026-09-08T04:20:00.305239+00:00
SKU-1746,WH-049,474,38,FRESH,2026-09-08T04:18:51.305242+00:00
SKU-1747,WH-043,15,40,FRESH,2026-09-08T04:20:08.305244+00:00
SKU-1748,WH-009,382,35,FRESH,2026-09-08T04:19:27.305247+00:00
SKU-1749,WH-019,491,50,FRESH,2026-09-08T04:19:10.305250+00:00
SKU-1750,WH-047,331,33,STALE,2026-09-08T04:17:41.305253+00:00
SKU-1751,WH-036,447,45,FRESH,2026-09-08T04:20:31.305255+00:00
SKU-1752,WH-001,293,48,FRESH,2026-09-08T04:19:26.305258+00:00
SKU-1753,WH-006,156,23,FRESH,2026-09-08T04:19:04.305260+00:00
SKU-1754,WH-023,108,36,STALE,2026-09-08T04:09:41.305263+00:00
SKU-1755,WH-010,82,21,FRESH,2026-09-08T04:20:04.305266+00:00
SKU-1756,WH-013,58,21,FRESH,2026-09-08T04:19:24.305268+00:00
SKU-1757,WH-004,435,45,FRESH,2026-09-08T04:19:26.305272+00:00
SKU-1758,WH-005,148,14,FRESH,2026-09-08T04:20:11.305274+00:00
SKU-1759,WH-047,297,41,STALE,2026-09-08T04:12:41.305277+00:00
SKU-1760,WH-009,343,25,FRESH,2026-09-08T04:19:17.305279+00:00
SKU-1761,WH-005,460,22,FRESH,2026-09-08T04:19:39.305282+00:00
SKU-1762,WH-022,315,29,FRESH,2026-09-08T04:20:17.305285+00:00
SKU-1763,WH-037,290,33,FRESH,2026-09-08T04:19:42.305288+00:00
SKU-1764,WH-011,2,30,FRESH,2026-09-08T04:20:08.305291+00:00
SKU-1765,WH-046,378,37,FRESH,2026-09-08T04:19:50.305293+00:00
SKU-1766,WH-009,347,31,FRESH,2026-09-08T04:19:37.305296+00:00
SKU-1767,WH-029,183,29,FRESH,2026-09-08T04:20:23.305299+00:00
SKU-1768,WH-012,330,48,FRESH,2026-09-08T04:20:01.305302+00:00
SKU-1769,WH-009,456,44,FRESH,2026-09-08T04:19:03.305304+00:00
SKU-1770,WH-041,39,14,FRESH,2026-09-08T04:19:32.305307+00:00
SKU-1771,WH-041,15,47,FRESH,2026-09-08T04:18:58.305309+00:00
SKU-1772,WH-038,108,12,FRESH,2026-09-08T04:19:27.305312+00:00
SKU-1773,WH-035,241,19,FRESH,2026-09-08T04:20:08.305314+00:00
SKU-1774,WH-050,301,28,FRESH,2026-09-08T04:19:32.305317+00:00
SKU-1775,WH-033,46,35,FRESH,2026-09-08T04:20:35.305320+00:00
SKU-1776,WH-043,122,49,FRESH,2026-09-08T04:19:00.305323+00:00
SKU-1777,WH-033,71,38,FRESH,2026-09-08T04:19:24.305325+00:00
SKU-1778,WH-037,337,19,FRESH,2026-09-08T04:19:35.305328+00:00
SKU-1779,WH-023,20,24,FRESH,2026-09-08T04:20:07.305330+00:00
SKU-1780,WH-005,135,33,FRESH,2026-09-08T04:19:11.305332+00:00
SKU-1781,WH-014,265,33,FRESH,2026-09-08T04:19:38.305335+00:00
SKU-1782,WH-003,20,30,FRESH,2026-09-08T04:19:30.305337+00:00
SKU-1783,WH-041,424,27,FRESH,2026-09-08T04:20:03.305340+00:00
SKU-1784,WH-038,278,46,FRESH,2026-09-08T04:19:13.305342+00:00
SKU-1785,WH-025,187,47,FRESH,2026-09-08T04:20:27.305345+00:00
SKU-1786,WH-034,128,34,MISSING,2026-09-08T00:20:41.305347+00:00
SKU-1787,WH-034,207,32,FRESH,2026-09-08T04:19:52.305351+00:00
SKU-1788,WH-032,405,40,FRESH,2026-09-08T04:20:36.305354+00:00
SKU-1789,WH-033,451,18,FRESH,2026-09-08T04:20:07.305356+00:00
SKU-1790,WH-005,263,27,FRESH,2026-09-08T04:20:13.305358+00:00
SKU-1791,WH-011,185,48,FRESH,2026-09-08T04:20:21.305361+00:00
SKU-1792,WH-043,117,36,FRESH,2026-09-08T04:19:04.305363+00:00
SKU-1793,WH-008,246,40,FRESH,2026-09-08T04:19:21.305366+00:00
SKU-1794,WH-011,331,36,FRESH,2026-09-08T04:20:31.305368+00:00
SKU-1795,WH-009,293,47,FRESH,2026-09-08T04:19:16.305370+00:00
SKU-1796,WH-033,20,46,FRESH,2026-09-08T04:20:15.305373+00:00
SKU-1797,WH-017,472,21,FRESH,2026-09-08T04:19:45.305375+00:00
SKU-1798,WH-039,496,46,FRESH,2026-09-08T04:19:04.305378+00:00
SKU-1799,WH-047,338,28,STALE,2026-09-08T04:14:41.305380+00:00
SKU-1800,WH-029,310,40,FRESH,2026-09-08T04:20:15.305383+00:00
SKU-1801,WH-015,425,36,FRESH,2026-09-08T04:18:55.305385+00:00
SKU-1802,WH-038,420,21,FRESH,2026-09-08T04:19:31.305388+00:00
SKU-1803,WH-017,85,31,STALE,2026-09-08T04:08:41.305390+00:00
SKU-1804,WH-038,35,24,FRESH,2026-09-08T04:20:20.305393+00:00
SKU-1805,WH-007,8,22,FRESH,2026-09-08T04:19:32.305395+00:00
SKU-1806,WH-044,214,19,FRESH,2026-09-08T04:20:14.305400+00:00
SKU-1807,WH-031,461,49,FRESH,2026-09-08T04:18:56.305403+00:00
SKU-1808,WH-035,257,17,FRESH,2026-09-08T04:19:12.305405+00:00
SKU-1809,WH-009,461,48,FRESH,2026-09-08T04:20:36.305408+00:00
SKU-1810,WH-050,347,37,FRESH,2026-09-08T04:19:49.305410+00:00
SKU-1811,WH-003,357,43,FRESH,2026-09-08T04:18:54.305413+00:00
SKU-1812,WH-031,404,34,FRESH,2026-09-08T04:18:54.305415+00:00
SKU-1813,WH-048,464,46,FRESH,2026-09-08T04:20:19.305419+00:00
SKU-1814,WH-017,244,24,STALE,2026-09-08T04:16:41.305422+00:00
SKU-1815,WH-019,306,44,FRESH,2026-09-08T04:20:12.305425+00:00
SKU-1816,WH-001,363,10,FRESH,2026-09-08T04:20:21.305427+00:00
SKU-1817,WH-034,3,34,FRESH,2026-09-08T04:19:08.305429+00:00
SKU-1818,WH-021,209,33,FRESH,2026-09-08T04:19:42.305432+00:00
SKU-1819,WH-042,299,26,FRESH,2026-09-08T04:19:28.305434+00:00
SKU-1820,WH-028,289,33,FRESH,2026-09-08T04:19:09.305437+00:00
SKU-1821,WH-026,386,23,FRESH,2026-09-08T04:18:56.305439+00:00
SKU-1822,WH-036,247,21,FRESH,2026-09-08T04:19:25.305441+00:00
SKU-1823,WH-031,129,29,FRESH,2026-09-08T04:18:57.305444+00:00
SKU-1824,WH-046,203,18,FRESH,2026-09-08T04:19:12.305447+00:00
SKU-1825,WH-008,382,24,FRESH,2026-09-08T04:19:07.305449+00:00
SKU-1826,WH-011,51,23,FRESH,2026-09-08T04:18:56.305453+00:00
SKU-1827,WH-022,410,45,FRESH,2026-09-08T04:19:09.305455+00:00
SKU-1828,WH-046,26,20,FRESH,2026-09-08T04:19:15.305458+00:00
SKU-1829,WH-001,411,15,FRESH,2026-09-08T04:19:36.305460+00:00
SKU-1830,WH-039,222,15,FRESH,2026-09-08T04:20:08.305463+00:00
SKU-1831,WH-024,40,48,FRESH,2026-09-08T04:19:47.305465+00:00
SKU-1832,WH-026,314,43,FRESH,2026-09-08T04:19:20.305468+00:00
SKU-1833,WH-004,484,21,FRESH,2026-09-08T04:19:40.305470+00:00
SKU-1834,WH-001,103,43,FRESH,2026-09-08T04:20:32.305473+00:00
SKU-1835,WH-039,261,43,FRESH,2026-09-08T04:19:18.305475+00:00
SKU-1836,WH-011,345,12,FRESH,2026-09-08T04:19:13.305478+00:00
SKU-1837,WH-001,499,20,FRESH,2026-09-08T04:20:01.305480+00:00
SKU-1838,WH-050,204,32,FRESH,2026-09-08T04:19:45.305484+00:00
SKU-1839,WH-038,102,43,FRESH,2026-09-08T04:19:06.305486+00:00
SKU-1840,WH-005,470,15,FRESH,2026-09-08T04:19:04.305489+00:00
SKU-1841,WH-036,468,47,FRESH,2026-09-08T04:18:52.305491+00:00
SKU-1842,WH-018,115,48,STALE,2026-09-08T04:10:41.305494+00:00
SKU-1843,WH-026,294,10,FRESH,2026-09-08T04:19:44.305496+00:00
SKU-1844,WH-033,54,45,FRESH,2026-09-08T04:19:59.305499+00:00
SKU-1845,WH-022,484,17,FRESH,2026-09-08T04:20:04.305502+00:00
SKU-1846,WH-035,416,46,FRESH,2026-09-08T04:19:40.305505+00:00
SKU-1847,WH-025,288,40,FRESH,2026-09-08T04:19:00.305507+00:00
SKU-1848,WH-022,492,39,FRESH,2026-09-08T04:19:21.305510+00:00
SKU-1849,WH-002,246,17,FRESH,2026-09-08T04:19:48.305512+00:00
SKU-1850,WH-041,403,24,FRESH,2026-09-08T04:20:07.305515+00:00
SKU-1851,WH-021,211,32,FRESH,2026-09-08T04:20:35.305517+00:00
SKU-1852,WH-045,426,26,FRESH,2026-09-08T04:20:25.305519+00:00
SKU-1853,WH-026,344,31,FRESH,2026-09-08T04:20:14.305522+00:00
SKU-1854,WH-031,160,32,FRESH,2026-09-08T04:19:23.305524+00:00
SKU-1855,WH-018,93,22,FRESH,2026-09-08T04:20:11.305527+00:00
SKU-1856,WH-016,376,25,FRESH,2026-09-08T04:20:10.305529+00:00
SKU-1857,WH-015,103,25,FRESH,2026-09-08T04:19:51.305532+00:00
SKU-1858,WH-010,398,16,FRESH,2026-09-08T04:20:26.305534+00:00
SKU-1859,WH-044,489,41,FRESH,2026-09-08T04:18:59.305537+00:00
SKU-1860,WH-035,490,12,FRESH,2026-09-08T04:19:49.305539+00:00
SKU-1861,WH-040,161,41,FRESH,2026-09-08T04:19:23.305541+00:00
SKU-1862,WH-018,251,21,MISSING,2026-09-07T23:20:41.305544+00:00
SKU-1863,WH-026,113,46,FRESH,2026-09-08T04:19:29.305547+00:00
SKU-1864,WH-028,244,44,FRESH,2026-09-08T04:19:52.305551+00:00
SKU-1865,WH-026,440,21,FRESH,2026-09-08T04:20:21.305554+00:00
SKU-1866,WH-045,265,39,FRESH,2026-09-08T04:20:35.305556+00:00
SKU-1867,WH-001,345,23,FRESH,2026-09-08T04:20:24.305559+00:00
SKU-1868,WH-021,185,49,FRESH,2026-09-08T04:20:13.305561+00:00
SKU-1869,WH-036,134,25,FRESH,2026-09-08T04:19:18.305564+00:00
SKU-1870,WH-022,187,21,FRESH,2026-09-08T04:20:10.305567+00:00
SKU-1871,WH-027,358,33,FRESH,2026-09-08T04:19:45.305569+00:00
SKU-1872,WH-018,230,21,FRESH,2026-09-08T04:19:23.305572+00:00
SKU-1873,WH-044,117,16,FRESH,2026-09-08T04:18:54.305574+00:00
SKU-1874,WH-016,284,37,FRESH,2026-09-08T04:20:11.305577+00:00
SKU-1875,WH-010,409,19,FRESH,2026-09-08T04:20:35.305579+00:00
SKU-1876,WH-012,215,41,FRESH,2026-09-08T04:19:16.305582+00:00
SKU-1877,WH-034,273,30,FRESH,2026-09-08T04:19:58.305584+00:00
SKU-1878,WH-017,287,46,FRESH,2026-09-08T04:20:24.305587+00:00
SKU-1879,WH-045,83,13,FRESH,2026-09-08T04:20:04.305589+00:00
SKU-1880,WH-031,429,50,FRESH,2026-09-08T04:19:01.305591+00:00
SKU-1881,WH-022,133,33,FRESH,2026-09-08T04:19:25.305594+00:00
SKU-1882,WH-017,176,11,FRESH,2026-09-08T04:19:52.305596+00:00
SKU-1883,WH-044,493,48,FRESH,2026-09-08T04:19:23.305599+00:00
SKU-1884,WH-042,332,44,FRESH,2026-09-08T04:18:57.305602+00:00
SKU-1885,WH-019,181,30,FRESH,2026-09-08T04:19:34.305605+00:00
SKU-1886,WH-050,377,38,FRESH,2026-09-08T04:19:48.305607+00:00
SKU-1887,WH-040,146,39,FRESH,2026-09-08T04:20:18.305610+00:00
SKU-1888,WH-011,327,31,FRESH,2026-09-08T04:19:18.305612+00:00
SKU-1889,WH-037,207,14,FRESH,2026-09-08T04:19:53.305615+00:00
SKU-1890,WH-015,160,30,FRESH,2026-09-08T04:19:06.305617+00:00
SKU-1891,WH-018,309,35,FRESH,2026-09-08T04:19:40.305620+00:00
SKU-1892,WH-050,441,33,FRESH,2026-09-08T04:19:30.305622+00:00
SKU-1893,WH-029,211,20,FRESH,2026-09-08T04:20:34.305625+00:00
SKU-1894,WH-009,372,25,FRESH,2026-09-08T04:19:01.305627+00:00
SKU-1895,WH-045,383,15,FRESH,2026-09-08T04:19:46.305630+00:00
SKU-1896,WH-007,48,14,STALE,2026-09-08T04:10:41.305632+00:00
SKU-1897,WH-036,27,11,FRESH,2026-09-08T04:19:29.305635+00:00
SKU-1898,WH-049,42,16,FRESH,2026-09-08T04:20:17.305637+00:00
SKU-1899,WH-006,335,34,FRESH,2026-09-08T04:20:05.305640+00:00
SKU-1900,WH-048,145,38,FRESH,2026-09-08T04:20:20.305642+00:00
SKU-1901,WH-034,429,20,FRESH,2026-09-08T04:19:12.305645+00:00
SKU-1902,WH-023,440,30,FRESH,2026-09-08T04:19:37.305648+00:00
SKU-1903,WH-035,478,27,FRESH,2026-09-08T04:20:19.305651+00:00
SKU-1904,WH-045,276,21,FRESH,2026-09-08T04:19:38.305654+00:00
SKU-1905,WH-041,383,50,FRESH,2026-09-08T04:19:41.305657+00:00
SKU-1906,WH-034,327,50,FRESH,2026-09-08T04:19:52.305659+00:00
SKU-1907,WH-031,276,24,FRESH,2026-09-08T04:19:40.305662+00:00
SKU-1908,WH-020,187,36,FRESH,2026-09-08T04:19:58.305664+00:00
SKU-1909,WH-001,0,43,FRESH,2026-09-08T04:20:19.305667+00:00
SKU-1910,WH-023,146,40,FRESH,2026-09-08T04:19:08.305669+00:00
SKU-1911,WH-032,484,40,FRESH,2026-09-08T04:18:58.305672+00:00
SKU-1912,WH-028,408,28,FRESH,2026-09-08T04:18:55.305674+00:00
SKU-1913,WH-001,280,33,FRESH,2026-09-08T04:19:25.305677+00:00
SKU-1914,WH-028,202,25,FRESH,2026-09-08T04:19:02.305680+00:00
SKU-1915,WH-042,199,34,FRESH,2026-09-08T04:20:26.305683+00:00
SKU-1916,WH-028,320,25,FRESH,2026-09-08T04:18:54.305686+00:00
SKU-1917,WH-040,413,27,FRESH,2026-09-08T04:19:01.305688+00:00
SKU-1918,WH-035,414,27,FRESH,2026-09-08T04:20:28.305691+00:00
SKU-1919,WH-012,69,28,FRESH,2026-09-08T04:19:38.305693+00:00
SKU-1920,WH-040,231,27,FRESH,2026-09-08T04:19:34.305696+00:00
SKU-1921,WH-013,164,11,FRESH,2026-09-08T04:19:28.305698+00:00
SKU-1922,WH-002,95,16,FRESH,2026-09-08T04:20:20.305700+00:00
SKU-1923,WH-046,224,10,FRESH,2026-09-08T04:20:17.305704+00:00
SKU-1924,WH-001,252,23,FRESH,2026-09-08T04:19:57.305706+00:00
SKU-1925,WH-032,190,39,FRESH,2026-09-08T04:20:32.305709+00:00
SKU-1926,WH-022,41,19,FRESH,2026-09-08T04:18:57.305711+00:00
SKU-1927,WH-026,36,44,FRESH,2026-09-08T04:20:12.305714+00:00
SKU-1928,WH-017,418,34,FRESH,2026-09-08T04:20:21.305716+00:00
SKU-1929,WH-050,365,25,FRESH,2026-09-08T04:19:40.305718+00:00
SKU-1930,WH-016,377,12,FRESH,2026-09-08T04:19:02.305721+00:00
SKU-1931,WH-050,48,43,FRESH,2026-09-08T04:20:10.305723+00:00
SKU-1932,WH-031,199,29,STALE,2026-09-08T04:15:41.305726+00:00
SKU-1933,WH-041,372,12,FRESH,2026-09-08T04:19:26.305728+00:00
SKU-1934,WH-034,62,26,FRESH,2026-09-08T04:19:58.305734+00:00
SKU-1935,WH-013,184,13,FRESH,2026-09-08T04:20:09.305736+00:00
SKU-1936,WH-008,120,50,FRESH,2026-09-08T04:20:35.305739+00:00
SKU-1937,WH-011,406,27,FRESH,2026-09-08T04:19:46.305741+00:00
SKU-1938,WH-016,4,12,FRESH,2026-09-08T04:19:08.305743+00:00
SKU-1939,WH-031,352,48,FRESH,2026-09-08T04:18:58.305746+00:00
SKU-1940,WH-006,127,20,FRESH,2026-09-08T04:19:09.305748+00:00
SKU-1941,WH-040,173,50,FRESH,2026-09-08T04:19:51.305751+00:00
SKU-1942,WH-042,78,44,FRESH,2026-09-08T04:20:20.305754+00:00
SKU-1943,WH-032,119,30,MISSING,2026-09-07T22:20:41.305757+00:00
SKU-1944,WH-029,375,22,FRESH,2026-09-08T04:19:48.305760+00:00
SKU-1945,WH-023,370,18,FRESH,2026-09-08T04:20:31.305763+00:00
SKU-1946,WH-032,361,38,FRESH,2026-09-08T04:19:27.305765+00:00
SKU-1947,WH-045,250,22,FRESH,2026-09-08T04:19:27.305768+00:00
SKU-1948,WH-023,165,39,FRESH,2026-09-08T04:19:20.305770+00:00
SKU-1949,WH-036,82,14,FRESH,2026-09-08T04:19:39.305772+00:00
SKU-1950,WH-019,419,26,FRESH,2026-09-08T04:19:38.305775+00:00
SKU-1951,WH-001,397,50,FRESH,2026-09-08T04:19:03.305778+00:00
SKU-1952,WH-012,452,11,FRESH,2026-09-08T04:19:50.305780+00:00
SKU-1953,WH-050,317,25,FRESH,2026-09-08T04:20:28.305783+00:00
SKU-1954,WH-043,495,44,FRESH,2026-09-08T04:20:12.305785+00:00
SKU-1955,WH-034,349,41,FRESH,2026-09-08T04:20:17.305788+00:00
SKU-1956,WH-040,144,30,FRESH,2026-09-08T04:19:55.305790+00:00
SKU-1957,WH-008,49,43,FRESH,2026-09-08T04:20:31.305793+00:00
SKU-1958,WH-009,91,12,FRESH,2026-09-08T04:19:34.305795+00:00
SKU-1959,WH-013,50,12,FRESH,2026-09-08T04:19:47.305798+00:00
SKU-1960,WH-043,250,43,FRESH,2026-09-08T04:19:21.305800+00:00
SKU-1961,WH-017,25,33,FRESH,2026-09-08T04:19:05.305803+00:00
SKU-1962,WH-005,6,23,FRESH,2026-09-08T04:20:26.305807+00:00
SKU-1963,WH-030,410,50,FRESH,2026-09-08T04:19:25.305809+00:00
SKU-1964,WH-048,480,36,FRESH,2026-09-08T04:18:55.305812+00:00
SKU-1965,WH-046,29,49,FRESH,2026-09-08T04:20:31.305814+00:00
SKU-1966,WH-047,36,29,FRESH,2026-09-08T04:20:09.305818+00:00
SKU-1967,WH-034,49,16,FRESH,2026-09-08T04:19:28.305822+00:00
SKU-1968,WH-025,97,22,FRESH,2026-09-08T04:20:05.305825+00:00
SKU-1969,WH-037,320,21,FRESH,2026-09-08T04:19:25.305827+00:00
SKU-1970,WH-027,382,16,FRESH,2026-09-08T04:19:23.305830+00:00
SKU-1971,WH-023,345,39,FRESH,2026-09-08T04:19:42.305832+00:00
SKU-1972,WH-007,85,21,FRESH,2026-09-08T04:19:32.305834+00:00
SKU-1973,WH-022,336,20,FRESH,2026-09-08T04:19:20.305837+00:00
SKU-1974,WH-029,477,32,STALE,2026-09-08T04:09:41.305840+00:00
SKU-1975,WH-021,432,33,FRESH,2026-09-08T04:19:15.305843+00:00
SKU-1976,WH-028,422,30,FRESH,2026-09-08T04:19:24.305845+00:00
SKU-1977,WH-035,109,34,FRESH,2026-09-08T04:19:01.305848+00:00
SKU-1978,WH-017,184,38,FRESH,2026-09-08T04:19:46.305850+00:00
SKU-1979,WH-001,371,12,MISSING,2026-09-08T03:20:41.305853+00:00
SKU-1980,WH-034,69,29,FRESH,2026-09-08T04:20:08.305856+00:00
SKU-1981,WH-014,438,30,FRESH,2026-09-08T04:18:51.305858+00:00
SKU-1982,WH-045,421,27,STALE,2026-09-08T04:09:41.305862+00:00
SKU-1983,WH-036,292,46,FRESH,2026-09-08T04:20:32.305865+00:00
SKU-1984,WH-030,182,19,FRESH,2026-09-08T04:19:50.305867+00:00
SKU-1985,WH-038,127,24,FRESH,2026-09-08T04:19:58.305870+00:00
SKU-1986,WH-006,292,35,FRESH,2026-09-08T04:20:09.305872+00:00
SKU-1987,WH-047,39,30,FRESH,2026-09-08T04:20:14.305875+00:00
SKU-1988,WH-032,422,46,FRESH,2026-09-08T04:20:24.305877+00:00
SKU-1989,WH-039,328,29,FRESH,2026-09-08T04:18:53.305880+00:00
SKU-1990,WH-037,195,15,FRESH,2026-09-08T04:18:58.305882+00:00
SKU-1991,WH-022,178,37,FRESH,2026-09-08T04:20:21.305885+00:00
SKU-1992,WH-050,116,48,STALE,2026-09-08T04:07:41.305887+00:00
SKU-1993,WH-050,323,34,FRESH,2026-09-08T04:19:29.305890+00:00
SKU-1994,WH-003,163,44,FRESH,2026-09-08T04:19:55.305892+00:00
SKU-1995,WH-033,357,24,FRESH,2026-09-08T04:19:10.305895+00:00
SKU-1996,WH-047,201,38,FRESH,2026-09-08T04:19:23.305897+00:00
SKU-1997,WH-033,46,24,FRESH,2026-09-08T04:18:56.305899+00:00
SKU-1998,WH-026,75,18,FRESH,2026-09-08T04:19:36.305903+00:00
SKU-1999,WH-037,381,13,FRESH,2026-09-08T04:20:03.305905+00:00
SKU-2000,WH-006,204,42,FRESH,2026-09-08T04:19:07.305908+00:00
