seller_id,name,email,tier,api_key,created_at,status
SELLER-001,LogiMerchant_1,contact@seller1.logistics.domain,Enterprise,key-seller-001-secret,2026-01-29T00:00:00+00:00,ACTIVE
SELLER-002,LogiMerchant_2,contact@seller2.logistics.domain,Standard,key-seller-002-secret,2026-03-12T00:00:00+00:00,ACTIVE
SELLER-003,LogiMerchant_3,contact@seller3.logistics.domain,Standard,key-seller-003-secret,2026-02-27T00:00:00+00:00,ACTIVE
SELLER-004,LogiMerchant_4,contact@seller4.logistics.domain,Standard,key-seller-004-secret,2026-01-27T00:00:00+00:00,ACTIVE
SELLER-005,LogiMerchant_5,contact@seller5.logistics.domain,Enterprise,key-seller-005-secret,2026-05-20T00:00:00+00:00,ACTIVE
SELLER-006,LogiMerchant_6,contact@seller6.logistics.domain,Standard,key-seller-006-secret,2026-06-01T00:00:00+00:00,ACTIVE
SELLER-007,LogiMerchant_7,contact@seller7.logistics.domain,Premium,key-seller-007-secret,2026-01-09T00:00:00+00:00,ACTIVE
SELLER-008,LogiMerchant_8,contact@seller8.logistics.domain,Standard,key-seller-008-secret,2026-01-24T00:00:00+00:00,ACTIVE
SELLER-009,LogiMerchant_9,contact@seller9.logistics.domain,Standard,key-seller-009-secret,2026-03-01T00:00:00+00:00,ACTIVE
SELLER-010,LogiMerchant_10,contact@seller10.logistics.domain,Enterprise,key-seller-010-secret,2026-06-04T00:00:00+00:00,ACTIVE
SELLER-011,LogiMerchant_11,contact@seller11.logistics.domain,Standard,key-seller-011-secret,2026-05-24T00:00:00+00:00,ACTIVE
SELLER-012,LogiMerchant_12,contact@seller12.logistics.domain,Standard,key-seller-012-secret,2026-06-16T00:00:00+00:00,ACTIVE
SELLER-013,LogiMerchant_13,contact@seller13.logistics.domain,Enterprise,key-seller-013-secret,2026-05-20T00:00:00+00:00,ACTIVE
SELLER-014,LogiMerchant_14,contact@seller14.logistics.domain,Premium,key-seller-014-secret,2026-02-26T00:00:00+00:00,ACTIVE
SELLER-015,LogiMerchant_15,contact@seller15.logistics.domain,Premium,key-seller-015-secret,2026-05-31T00:00:00+00:00,ACTIVE
SELLER-016,LogiMerchant_16,contact@seller16.logistics.domain,Premium,key-seller-016-secret,2026-01-02T00:00:00+00:00,ACTIVE
SELLER-017,LogiMerchant_17,contact@seller17.logistics.domain,Standard,key-seller-017-secret,2026-06-28T00:00:00+00:00,ACTIVE
SELLER-018,LogiMerchant_18,contact@seller18.logistics.domain,Premium,key-seller-018-secret,2026-03-29T00:00:00+00:00,ACTIVE
SELLER-019,LogiMerchant_19,contact@seller19.logistics.domain,Premium,key-seller-019-secret,2026-02-09T00:00:00+00:00,ACTIVE
SELLER-020,LogiMerchant_20,contact@seller20.logistics.domain,Standard,key-seller-020-secret,2026-03-28T00:00:00+00:00,ACTIVE
SELLER-021,LogiMerchant_21,contact@seller21.logistics.domain,Standard,key-seller-021-secret,2026-01-24T00:00:00+00:00,ACTIVE
SELLER-022,LogiMerchant_22,contact@seller22.logistics.domain,Premium,key-seller-022-secret,2026-01-25T00:00:00+00:00,ACTIVE
SELLER-023,LogiMerchant_23,contact@seller23.logistics.domain,Premium,key-seller-023-secret,2026-03-30T00:00:00+00:00,ACTIVE
SELLER-024,LogiMerchant_24,contact@seller24.logistics.domain,Enterprise,key-seller-024-secret,2026-03-09T00:00:00+00:00,ACTIVE
SELLER-025,LogiMerchant_25,contact@seller25.logistics.domain,Standard,key-seller-025-secret,2026-04-28T00:00:00+00:00,ACTIVE
SELLER-026,LogiMerchant_26,contact@seller26.logistics.domain,Enterprise,key-seller-026-secret,2026-02-01T00:00:00+00:00,ACTIVE
SELLER-027,LogiMerchant_27,contact@seller27.logistics.domain,Premium,key-seller-027-secret,2026-01-21T00:00:00+00:00,ACTIVE
SELLER-028,LogiMerchant_28,contact@seller28.logistics.domain,Enterprise,key-seller-028-secret,2026-03-17T00:00:00+00:00,ACTIVE
SELLER-029,LogiMerchant_29,contact@seller29.logistics.domain,Enterprise,key-seller-029-secret,2026-06-08T00:00:00+00:00,ACTIVE
SELLER-030,LogiMerchant_30,contact@seller30.logistics.domain,Premium,key-seller-030-secret,2026-05-28T00:00:00+00:00,ACTIVE
SELLER-031,LogiMerchant_31,contact@seller31.logistics.domain,Standard,key-seller-031-secret,2026-06-30T00:00:00+00:00,ACTIVE
SELLER-032,LogiMerchant_32,contact@seller32.logistics.domain,Standard,key-seller-032-secret,2026-01-12T00:00:00+00:00,ACTIVE
SELLER-033,LogiMerchant_33,contact@seller33.logistics.domain,Enterprise,key-seller-033-secret,2026-02-28T00:00:00+00:00,ACTIVE
SELLER-034,LogiMerchant_34,contact@seller34.logistics.domain,Premium,key-seller-034-secret,2026-01-21T00:00:00+00:00,ACTIVE
SELLER-035,LogiMerchant_35,contact@seller35.logistics.domain,Standard,key-seller-035-secret,2026-01-26T00:00:00+00:00,ACTIVE
SELLER-036,LogiMerchant_36,contact@seller36.logistics.domain,Premium,key-seller-036-secret,2026-03-13T00:00:00+00:00,ACTIVE
SELLER-037,LogiMerchant_37,contact@seller37.logistics.domain,Premium,key-seller-037-secret,2026-06-12T00:00:00+00:00,ACTIVE
SELLER-038,LogiMerchant_38,contact@seller38.logistics.domain,Premium,key-seller-038-secret,2026-02-11T00:00:00+00:00,ACTIVE
SELLER-039,LogiMerchant_39,contact@seller39.logistics.domain,Premium,key-seller-039-secret,2026-04-01T00:00:00+00:00,ACTIVE
SELLER-040,LogiMerchant_40,contact@seller40.logistics.domain,Standard,key-seller-040-secret,2026-06-21T00:00:00+00:00,ACTIVE
SELLER-041,LogiMerchant_41,contact@seller41.logistics.domain,Premium,key-seller-041-secret,2026-06-29T00:00:00+00:00,ACTIVE
SELLER-042,LogiMerchant_42,contact@seller42.logistics.domain,Enterprise,key-seller-042-secret,2026-06-15T00:00:00+00:00,ACTIVE
SELLER-043,LogiMerchant_43,contact@seller43.logistics.domain,Standard,key-seller-043-secret,2026-06-05T00:00:00+00:00,ACTIVE
SELLER-044,LogiMerchant_44,contact@seller44.logistics.domain,Enterprise,key-seller-044-secret,2026-02-13T00:00:00+00:00,ACTIVE
SELLER-045,LogiMerchant_45,contact@seller45.logistics.domain,Enterprise,key-seller-045-secret,2026-03-04T00:00:00+00:00,ACTIVE
SELLER-046,LogiMerchant_46,contact@seller46.logistics.domain,Standard,key-seller-046-secret,2026-04-29T00:00:00+00:00,ACTIVE
SELLER-047,LogiMerchant_47,contact@seller47.logistics.domain,Premium,key-seller-047-secret,2026-03-11T00:00:00+00:00,ACTIVE
SELLER-048,LogiMerchant_48,contact@seller48.logistics.domain,Enterprise,key-seller-048-secret,2026-06-26T00:00:00+00:00,ACTIVE
SELLER-049,LogiMerchant_49,contact@seller49.logistics.domain,Enterprise,key-seller-049-secret,2026-02-26T00:00:00+00:00,ACTIVE
SELLER-050,LogiMerchant_50,contact@seller50.logistics.domain,Enterprise,key-seller-050-secret,2026-03-25T00:00:00+00:00,ACTIVE
SELLER-051,LogiMerchant_51,contact@seller51.logistics.domain,Standard,key-seller-051-secret,2026-02-28T00:00:00+00:00,ACTIVE
SELLER-052,LogiMerchant_52,contact@seller52.logistics.domain,Standard,key-seller-052-secret,2026-03-22T00:00:00+00:00,ACTIVE
SELLER-053,LogiMerchant_53,contact@seller53.logistics.domain,Premium,key-seller-053-secret,2026-03-10T00:00:00+00:00,ACTIVE
SELLER-054,LogiMerchant_54,contact@seller54.logistics.domain,Standard,key-seller-054-secret,2026-02-24T00:00:00+00:00,ACTIVE
SELLER-055,LogiMerchant_55,contact@seller55.logistics.domain,Enterprise,key-seller-055-secret,2026-03-22T00:00:00+00:00,ACTIVE
SELLER-056,LogiMerchant_56,contact@seller56.logistics.domain,Standard,key-seller-056-secret,2026-06-17T00:00:00+00:00,ACTIVE
SELLER-057,LogiMerchant_57,contact@seller57.logistics.domain,Premium,key-seller-057-secret,2026-04-12T00:00:00+00:00,ACTIVE
SELLER-058,LogiMerchant_58,contact@seller58.logistics.domain,Enterprise,key-seller-058-secret,2026-04-28T00:00:00+00:00,ACTIVE
SELLER-059,LogiMerchant_59,contact@seller59.logistics.domain,Standard,key-seller-059-secret,2026-03-09T00:00:00+00:00,ACTIVE
SELLER-060,LogiMerchant_60,contact@seller60.logistics.domain,Standard,key-seller-060-secret,2026-03-05T00:00:00+00:00,ACTIVE
SELLER-061,LogiMerchant_61,contact@seller61.logistics.domain,Enterprise,key-seller-061-secret,2026-05-24T00:00:00+00:00,ACTIVE
SELLER-062,LogiMerchant_62,contact@seller62.logistics.domain,Enterprise,key-seller-062-secret,2026-03-09T00:00:00+00:00,ACTIVE
SELLER-063,LogiMerchant_63,contact@seller63.logistics.domain,Enterprise,key-seller-063-secret,2026-05-30T00:00:00+00:00,ACTIVE
SELLER-064,LogiMerchant_64,contact@seller64.logistics.domain,Premium,key-seller-064-secret,2026-05-30T00:00:00+00:00,ACTIVE
SELLER-065,LogiMerchant_65,contact@seller65.logistics.domain,Premium,key-seller-065-secret,2026-04-03T00:00:00+00:00,ACTIVE
SELLER-066,LogiMerchant_66,contact@seller66.logistics.domain,Standard,key-seller-066-secret,2026-02-05T00:00:00+00:00,ACTIVE
SELLER-067,LogiMerchant_67,contact@seller67.logistics.domain,Enterprise,key-seller-067-secret,2026-05-07T00:00:00+00:00,ACTIVE
SELLER-068,LogiMerchant_68,contact@seller68.logistics.domain,Standard,key-seller-068-secret,2026-01-13T00:00:00+00:00,ACTIVE
SELLER-069,LogiMerchant_69,contact@seller69.logistics.domain,Standard,key-seller-069-secret,2026-02-09T00:00:00+00:00,ACTIVE
SELLER-070,LogiMerchant_70,contact@seller70.logistics.domain,Enterprise,key-seller-070-secret,2026-02-10T00:00:00+00:00,ACTIVE
SELLER-071,LogiMerchant_71,contact@seller71.logistics.domain,Enterprise,key-seller-071-secret,2026-04-19T00:00:00+00:00,ACTIVE
SELLER-072,LogiMerchant_72,contact@seller72.logistics.domain,Enterprise,key-seller-072-secret,2026-01-17T00:00:00+00:00,ACTIVE
SELLER-073,LogiMerchant_73,contact@seller73.logistics.domain,Premium,key-seller-073-secret,2026-04-08T00:00:00+00:00,ACTIVE
SELLER-074,LogiMerchant_74,contact@seller74.logistics.domain,Enterprise,key-seller-074-secret,2026-04-30T00:00:00+00:00,ACTIVE
SELLER-075,LogiMerchant_75,contact@seller75.logistics.domain,Enterprise,key-seller-075-secret,2026-03-06T00:00:00+00:00,ACTIVE
SELLER-076,LogiMerchant_76,contact@seller76.logistics.domain,Enterprise,key-seller-076-secret,2026-01-03T00:00:00+00:00,ACTIVE
SELLER-077,LogiMerchant_77,contact@seller77.logistics.domain,Enterprise,key-seller-077-secret,2026-01-30T00:00:00+00:00,ACTIVE
SELLER-078,LogiMerchant_78,contact@seller78.logistics.domain,Enterprise,key-seller-078-secret,2026-05-18T00:00:00+00:00,ACTIVE
SELLER-079,LogiMerchant_79,contact@seller79.logistics.domain,Premium,key-seller-079-secret,2026-06-14T00:00:00+00:00,ACTIVE
SELLER-080,LogiMerchant_80,contact@seller80.logistics.domain,Premium,key-seller-080-secret,2026-01-29T00:00:00+00:00,ACTIVE
SELLER-081,LogiMerchant_81,contact@seller81.logistics.domain,Premium,key-seller-081-secret,2026-04-22T00:00:00+00:00,ACTIVE
SELLER-082,LogiMerchant_82,contact@seller82.logistics.domain,Standard,key-seller-082-secret,2026-04-27T00:00:00+00:00,ACTIVE
SELLER-083,LogiMerchant_83,contact@seller83.logistics.domain,Standard,key-seller-083-secret,2026-03-09T00:00:00+00:00,ACTIVE
SELLER-084,LogiMerchant_84,contact@seller84.logistics.domain,Enterprise,key-seller-084-secret,2026-02-15T00:00:00+00:00,ACTIVE
SELLER-085,LogiMerchant_85,contact@seller85.logistics.domain,Enterprise,key-seller-085-secret,2026-01-28T00:00:00+00:00,ACTIVE
SELLER-086,LogiMerchant_86,contact@seller86.logistics.domain,Enterprise,key-seller-086-secret,2026-03-18T00:00:00+00:00,ACTIVE
SELLER-087,LogiMerchant_87,contact@seller87.logistics.domain,Enterprise,key-seller-087-secret,2026-05-10T00:00:00+00:00,ACTIVE
SELLER-088,LogiMerchant_88,contact@seller88.logistics.domain,Enterprise,key-seller-088-secret,2026-02-20T00:00:00+00:00,ACTIVE
SELLER-089,LogiMerchant_89,contact@seller89.logistics.domain,Standard,key-seller-089-secret,2026-04-06T00:00:00+00:00,ACTIVE
SELLER-090,LogiMerchant_90,contact@seller90.logistics.domain,Standard,key-seller-090-secret,2026-05-19T00:00:00+00:00,ACTIVE
SELLER-091,LogiMerchant_91,contact@seller91.logistics.domain,Enterprise,key-seller-091-secret,2026-01-01T00:00:00+00:00,ACTIVE
SELLER-092,LogiMerchant_92,contact@seller92.logistics.domain,Enterprise,key-seller-092-secret,2026-03-24T00:00:00+00:00,ACTIVE
SELLER-093,LogiMerchant_93,contact@seller93.logistics.domain,Premium,key-seller-093-secret,2026-01-05T00:00:00+00:00,ACTIVE
SELLER-094,LogiMerchant_94,contact@seller94.logistics.domain,Standard,key-seller-094-secret,2026-04-03T00:00:00+00:00,ACTIVE
SELLER-095,LogiMerchant_95,contact@seller95.logistics.domain,Premium,key-seller-095-secret,2026-03-03T00:00:00+00:00,ACTIVE
SELLER-096,LogiMerchant_96,contact@seller96.logistics.domain,Standard,key-seller-096-secret,2026-03-03T00:00:00+00:00,ACTIVE
SELLER-097,LogiMerchant_97,contact@seller97.logistics.domain,Enterprise,key-seller-097-secret,2026-01-21T00:00:00+00:00,ACTIVE
SELLER-098,LogiMerchant_98,contact@seller98.logistics.domain,Standard,key-seller-098-secret,2026-05-05T00:00:00+00:00,ACTIVE
SELLER-099,LogiMerchant_99,contact@seller99.logistics.domain,Standard,key-seller-099-secret,2026-05-17T00:00:00+00:00,ACTIVE
SELLER-100,LogiMerchant_100,contact@seller100.logistics.domain,Standard,key-seller-100-secret,2026-02-02T00:00:00+00:00,ACTIVE
SELLER-101,LogiMerchant_101,contact@seller101.logistics.domain,Enterprise,key-seller-101-secret,2026-05-02T00:00:00+00:00,ACTIVE
SELLER-102,LogiMerchant_102,contact@seller102.logistics.domain,Enterprise,key-seller-102-secret,2026-02-12T00:00:00+00:00,ACTIVE
SELLER-103,LogiMerchant_103,contact@seller103.logistics.domain,Premium,key-seller-103-secret,2026-05-16T00:00:00+00:00,ACTIVE
SELLER-104,LogiMerchant_104,contact@seller104.logistics.domain,Enterprise,key-seller-104-secret,2026-04-19T00:00:00+00:00,ACTIVE
SELLER-105,LogiMerchant_105,contact@seller105.logistics.domain,Standard,key-seller-105-secret,2026-05-19T00:00:00+00:00,ACTIVE
SELLER-106,LogiMerchant_106,contact@seller106.logistics.domain,Enterprise,key-seller-106-secret,2026-06-26T00:00:00+00:00,ACTIVE
SELLER-107,LogiMerchant_107,contact@seller107.logistics.domain,Standard,key-seller-107-secret,2026-03-21T00:00:00+00:00,ACTIVE
SELLER-108,LogiMerchant_108,contact@seller108.logistics.domain,Premium,key-seller-108-secret,2026-06-21T00:00:00+00:00,ACTIVE
SELLER-109,LogiMerchant_109,contact@seller109.logistics.domain,Enterprise,key-seller-109-secret,2026-04-06T00:00:00+00:00,ACTIVE
SELLER-110,LogiMerchant_110,contact@seller110.logistics.domain,Premium,key-seller-110-secret,2026-05-13T00:00:00+00:00,ACTIVE
SELLER-111,LogiMerchant_111,contact@seller111.logistics.domain,Premium,key-seller-111-secret,2026-01-31T00:00:00+00:00,ACTIVE
SELLER-112,LogiMerchant_112,contact@seller112.logistics.domain,Standard,key-seller-112-secret,2026-02-27T00:00:00+00:00,ACTIVE
SELLER-113,LogiMerchant_113,contact@seller113.logistics.domain,Standard,key-seller-113-secret,2026-03-28T00:00:00+00:00,ACTIVE
SELLER-114,LogiMerchant_114,contact@seller114.logistics.domain,Standard,key-seller-114-secret,2026-05-31T00:00:00+00:00,ACTIVE
SELLER-115,LogiMerchant_115,contact@seller115.logistics.domain,Enterprise,key-seller-115-secret,2026-02-28T00:00:00+00:00,ACTIVE
SELLER-116,LogiMerchant_116,contact@seller116.logistics.domain,Enterprise,key-seller-116-secret,2026-02-26T00:00:00+00:00,ACTIVE
SELLER-117,LogiMerchant_117,contact@seller117.logistics.domain,Standard,key-seller-117-secret,2026-01-19T00:00:00+00:00,ACTIVE
SELLER-118,LogiMerchant_118,contact@seller118.logistics.domain,Enterprise,key-seller-118-secret,2026-06-11T00:00:00+00:00,ACTIVE
SELLER-119,LogiMerchant_119,contact@seller119.logistics.domain,Standard,key-seller-119-secret,2026-02-28T00:00:00+00:00,ACTIVE
SELLER-120,LogiMerchant_120,contact@seller120.logistics.domain,Standard,key-seller-120-secret,2026-01-09T00:00:00+00:00,ACTIVE
SELLER-121,LogiMerchant_121,contact@seller121.logistics.domain,Premium,key-seller-121-secret,2026-01-19T00:00:00+00:00,ACTIVE
SELLER-122,LogiMerchant_122,contact@seller122.logistics.domain,Enterprise,key-seller-122-secret,2026-03-02T00:00:00+00:00,ACTIVE
SELLER-123,LogiMerchant_123,contact@seller123.logistics.domain,Premium,key-seller-123-secret,2026-06-21T00:00:00+00:00,ACTIVE
SELLER-124,LogiMerchant_124,contact@seller124.logistics.domain,Premium,key-seller-124-secret,2026-02-24T00:00:00+00:00,ACTIVE
SELLER-125,LogiMerchant_125,contact@seller125.logistics.domain,Enterprise,key-seller-125-secret,2026-02-03T00:00:00+00:00,ACTIVE
SELLER-126,LogiMerchant_126,contact@seller126.logistics.domain,Enterprise,key-seller-126-secret,2026-05-27T00:00:00+00:00,ACTIVE
SELLER-127,LogiMerchant_127,contact@seller127.logistics.domain,Enterprise,key-seller-127-secret,2026-05-02T00:00:00+00:00,ACTIVE
SELLER-128,LogiMerchant_128,contact@seller128.logistics.domain,Standard,key-seller-128-secret,2026-05-02T00:00:00+00:00,ACTIVE
SELLER-129,LogiMerchant_129,contact@seller129.logistics.domain,Premium,key-seller-129-secret,2026-02-18T00:00:00+00:00,ACTIVE
SELLER-130,LogiMerchant_130,contact@seller130.logistics.domain,Standard,key-seller-130-secret,2026-01-25T00:00:00+00:00,ACTIVE
SELLER-131,LogiMerchant_131,contact@seller131.logistics.domain,Enterprise,key-seller-131-secret,2026-04-21T00:00:00+00:00,ACTIVE
SELLER-132,LogiMerchant_132,contact@seller132.logistics.domain,Premium,key-seller-132-secret,2026-04-19T00:00:00+00:00,ACTIVE
SELLER-133,LogiMerchant_133,contact@seller133.logistics.domain,Premium,key-seller-133-secret,2026-04-30T00:00:00+00:00,ACTIVE
SELLER-134,LogiMerchant_134,contact@seller134.logistics.domain,Enterprise,key-seller-134-secret,2026-01-14T00:00:00+00:00,ACTIVE
SELLER-135,LogiMerchant_135,contact@seller135.logistics.domain,Enterprise,key-seller-135-secret,2026-06-17T00:00:00+00:00,ACTIVE
SELLER-136,LogiMerchant_136,contact@seller136.logistics.domain,Enterprise,key-seller-136-secret,2026-01-26T00:00:00+00:00,ACTIVE
SELLER-137,LogiMerchant_137,contact@seller137.logistics.domain,Standard,key-seller-137-secret,2026-04-14T00:00:00+00:00,ACTIVE
SELLER-138,LogiMerchant_138,contact@seller138.logistics.domain,Enterprise,key-seller-138-secret,2026-03-28T00:00:00+00:00,ACTIVE
SELLER-139,LogiMerchant_139,contact@seller139.logistics.domain,Standard,key-seller-139-secret,2026-03-05T00:00:00+00:00,ACTIVE
SELLER-140,LogiMerchant_140,contact@seller140.logistics.domain,Standard,key-seller-140-secret,2026-02-18T00:00:00+00:00,ACTIVE
SELLER-141,LogiMerchant_141,contact@seller141.logistics.domain,Enterprise,key-seller-141-secret,2026-04-25T00:00:00+00:00,ACTIVE
SELLER-142,LogiMerchant_142,contact@seller142.logistics.domain,Standard,key-seller-142-secret,2026-04-19T00:00:00+00:00,ACTIVE
SELLER-143,LogiMerchant_143,contact@seller143.logistics.domain,Standard,key-seller-143-secret,2026-03-13T00:00:00+00:00,ACTIVE
SELLER-144,LogiMerchant_144,contact@seller144.logistics.domain,Premium,key-seller-144-secret,2026-03-05T00:00:00+00:00,ACTIVE
SELLER-145,LogiMerchant_145,contact@seller145.logistics.domain,Standard,key-seller-145-secret,2026-04-24T00:00:00+00:00,ACTIVE
SELLER-146,LogiMerchant_146,contact@seller146.logistics.domain,Enterprise,key-seller-146-secret,2026-01-26T00:00:00+00:00,ACTIVE
SELLER-147,LogiMerchant_147,contact@seller147.logistics.domain,Standard,key-seller-147-secret,2026-06-16T00:00:00+00:00,ACTIVE
SELLER-148,LogiMerchant_148,contact@seller148.logistics.domain,Enterprise,key-seller-148-secret,2026-01-04T00:00:00+00:00,ACTIVE
SELLER-149,LogiMerchant_149,contact@seller149.logistics.domain,Standard,key-seller-149-secret,2026-03-02T00:00:00+00:00,ACTIVE
SELLER-150,LogiMerchant_150,contact@seller150.logistics.domain,Standard,key-seller-150-secret,2026-04-15T00:00:00+00:00,ACTIVE
SELLER-151,LogiMerchant_151,contact@seller151.logistics.domain,Premium,key-seller-151-secret,2026-05-04T00:00:00+00:00,ACTIVE
SELLER-152,LogiMerchant_152,contact@seller152.logistics.domain,Standard,key-seller-152-secret,2026-04-13T00:00:00+00:00,ACTIVE
SELLER-153,LogiMerchant_153,contact@seller153.logistics.domain,Standard,key-seller-153-secret,2026-02-12T00:00:00+00:00,ACTIVE
SELLER-154,LogiMerchant_154,contact@seller154.logistics.domain,Premium,key-seller-154-secret,2026-01-01T00:00:00+00:00,ACTIVE
SELLER-155,LogiMerchant_155,contact@seller155.logistics.domain,Premium,key-seller-155-secret,2026-03-09T00:00:00+00:00,ACTIVE
SELLER-156,LogiMerchant_156,contact@seller156.logistics.domain,Premium,key-seller-156-secret,2026-03-15T00:00:00+00:00,ACTIVE
SELLER-157,LogiMerchant_157,contact@seller157.logistics.domain,Premium,key-seller-157-secret,2026-06-28T00:00:00+00:00,ACTIVE
SELLER-158,LogiMerchant_158,contact@seller158.logistics.domain,Enterprise,key-seller-158-secret,2026-05-23T00:00:00+00:00,ACTIVE
SELLER-159,LogiMerchant_159,contact@seller159.logistics.domain,Enterprise,key-seller-159-secret,2026-05-05T00:00:00+00:00,ACTIVE
SELLER-160,LogiMerchant_160,contact@seller160.logistics.domain,Standard,key-seller-160-secret,2026-02-18T00:00:00+00:00,ACTIVE
SELLER-161,LogiMerchant_161,contact@seller161.logistics.domain,Premium,key-seller-161-secret,2026-02-25T00:00:00+00:00,ACTIVE
SELLER-162,LogiMerchant_162,contact@seller162.logistics.domain,Standard,key-seller-162-secret,2026-05-29T00:00:00+00:00,ACTIVE
SELLER-163,LogiMerchant_163,contact@seller163.logistics.domain,Enterprise,key-seller-163-secret,2026-05-19T00:00:00+00:00,ACTIVE
SELLER-164,LogiMerchant_164,contact@seller164.logistics.domain,Standard,key-seller-164-secret,2026-03-22T00:00:00+00:00,ACTIVE
SELLER-165,LogiMerchant_165,contact@seller165.logistics.domain,Standard,key-seller-165-secret,2026-01-13T00:00:00+00:00,ACTIVE
SELLER-166,LogiMerchant_166,contact@seller166.logistics.domain,Enterprise,key-seller-166-secret,2026-05-03T00:00:00+00:00,ACTIVE
SELLER-167,LogiMerchant_167,contact@seller167.logistics.domain,Enterprise,key-seller-167-secret,2026-05-16T00:00:00+00:00,ACTIVE
SELLER-168,LogiMerchant_168,contact@seller168.logistics.domain,Standard,key-seller-168-secret,2026-01-15T00:00:00+00:00,ACTIVE
SELLER-169,LogiMerchant_169,contact@seller169.logistics.domain,Enterprise,key-seller-169-secret,2026-01-21T00:00:00+00:00,ACTIVE
SELLER-170,LogiMerchant_170,contact@seller170.logistics.domain,Standard,key-seller-170-secret,2026-01-18T00:00:00+00:00,ACTIVE
SELLER-171,LogiMerchant_171,contact@seller171.logistics.domain,Enterprise,key-seller-171-secret,2026-01-18T00:00:00+00:00,ACTIVE
SELLER-172,LogiMerchant_172,contact@seller172.logistics.domain,Enterprise,key-seller-172-secret,2026-03-02T00:00:00+00:00,ACTIVE
SELLER-173,LogiMerchant_173,contact@seller173.logistics.domain,Premium,key-seller-173-secret,2026-01-31T00:00:00+00:00,ACTIVE
SELLER-174,LogiMerchant_174,contact@seller174.logistics.domain,Enterprise,key-seller-174-secret,2026-03-05T00:00:00+00:00,ACTIVE
SELLER-175,LogiMerchant_175,contact@seller175.logistics.domain,Enterprise,key-seller-175-secret,2026-06-02T00:00:00+00:00,ACTIVE
SELLER-176,LogiMerchant_176,contact@seller176.logistics.domain,Standard,key-seller-176-secret,2026-06-08T00:00:00+00:00,ACTIVE
SELLER-177,LogiMerchant_177,contact@seller177.logistics.domain,Standard,key-seller-177-secret,2026-04-18T00:00:00+00:00,ACTIVE
SELLER-178,LogiMerchant_178,contact@seller178.logistics.domain,Enterprise,key-seller-178-secret,2026-05-30T00:00:00+00:00,ACTIVE
SELLER-179,LogiMerchant_179,contact@seller179.logistics.domain,Enterprise,key-seller-179-secret,2026-05-14T00:00:00+00:00,ACTIVE
SELLER-180,LogiMerchant_180,contact@seller180.logistics.domain,Premium,key-seller-180-secret,2026-03-08T00:00:00+00:00,ACTIVE
SELLER-181,LogiMerchant_181,contact@seller181.logistics.domain,Standard,key-seller-181-secret,2026-06-21T00:00:00+00:00,ACTIVE
SELLER-182,LogiMerchant_182,contact@seller182.logistics.domain,Enterprise,key-seller-182-secret,2026-03-22T00:00:00+00:00,ACTIVE
SELLER-183,LogiMerchant_183,contact@seller183.logistics.domain,Standard,key-seller-183-secret,2026-03-09T00:00:00+00:00,ACTIVE
SELLER-184,LogiMerchant_184,contact@seller184.logistics.domain,Premium,key-seller-184-secret,2026-02-03T00:00:00+00:00,ACTIVE
SELLER-185,LogiMerchant_185,contact@seller185.logistics.domain,Enterprise,key-seller-185-secret,2026-06-15T00:00:00+00:00,ACTIVE
SELLER-186,LogiMerchant_186,contact@seller186.logistics.domain,Premium,key-seller-186-secret,2026-04-28T00:00:00+00:00,ACTIVE
SELLER-187,LogiMerchant_187,contact@seller187.logistics.domain,Premium,key-seller-187-secret,2026-01-19T00:00:00+00:00,ACTIVE
SELLER-188,LogiMerchant_188,contact@seller188.logistics.domain,Standard,key-seller-188-secret,2026-04-28T00:00:00+00:00,ACTIVE
SELLER-189,LogiMerchant_189,contact@seller189.logistics.domain,Enterprise,key-seller-189-secret,2026-05-25T00:00:00+00:00,ACTIVE
SELLER-190,LogiMerchant_190,contact@seller190.logistics.domain,Standard,key-seller-190-secret,2026-01-19T00:00:00+00:00,ACTIVE
SELLER-191,LogiMerchant_191,contact@seller191.logistics.domain,Enterprise,key-seller-191-secret,2026-02-24T00:00:00+00:00,ACTIVE
SELLER-192,LogiMerchant_192,contact@seller192.logistics.domain,Enterprise,key-seller-192-secret,2026-03-09T00:00:00+00:00,ACTIVE
SELLER-193,LogiMerchant_193,contact@seller193.logistics.domain,Standard,key-seller-193-secret,2026-03-31T00:00:00+00:00,ACTIVE
SELLER-194,LogiMerchant_194,contact@seller194.logistics.domain,Standard,key-seller-194-secret,2026-03-04T00:00:00+00:00,ACTIVE
SELLER-195,LogiMerchant_195,contact@seller195.logistics.domain,Premium,key-seller-195-secret,2026-03-14T00:00:00+00:00,ACTIVE
SELLER-196,LogiMerchant_196,contact@seller196.logistics.domain,Standard,key-seller-196-secret,2026-04-23T00:00:00+00:00,ACTIVE
SELLER-197,LogiMerchant_197,contact@seller197.logistics.domain,Enterprise,key-seller-197-secret,2026-06-30T00:00:00+00:00,ACTIVE
SELLER-198,LogiMerchant_198,contact@seller198.logistics.domain,Premium,key-seller-198-secret,2026-06-06T00:00:00+00:00,ACTIVE
SELLER-199,LogiMerchant_199,contact@seller199.logistics.domain,Enterprise,key-seller-199-secret,2026-05-16T00:00:00+00:00,ACTIVE
SELLER-200,LogiMerchant_200,contact@seller200.logistics.domain,Standard,key-seller-200-secret,2026-06-20T00:00:00+00:00,ACTIVE
SELLER-201,LogiMerchant_201,contact@seller201.logistics.domain,Enterprise,key-seller-201-secret,2026-03-18T00:00:00+00:00,ACTIVE
SELLER-202,LogiMerchant_202,contact@seller202.logistics.domain,Enterprise,key-seller-202-secret,2026-01-27T00:00:00+00:00,ACTIVE
SELLER-203,LogiMerchant_203,contact@seller203.logistics.domain,Standard,key-seller-203-secret,2026-03-09T00:00:00+00:00,ACTIVE
SELLER-204,LogiMerchant_204,contact@seller204.logistics.domain,Standard,key-seller-204-secret,2026-01-28T00:00:00+00:00,ACTIVE
SELLER-205,LogiMerchant_205,contact@seller205.logistics.domain,Enterprise,key-seller-205-secret,2026-05-22T00:00:00+00:00,ACTIVE
SELLER-206,LogiMerchant_206,contact@seller206.logistics.domain,Standard,key-seller-206-secret,2026-03-11T00:00:00+00:00,ACTIVE
SELLER-207,LogiMerchant_207,contact@seller207.logistics.domain,Premium,key-seller-207-secret,2026-06-04T00:00:00+00:00,ACTIVE
SELLER-208,LogiMerchant_208,contact@seller208.logistics.domain,Standard,key-seller-208-secret,2026-03-29T00:00:00+00:00,ACTIVE
SELLER-209,LogiMerchant_209,contact@seller209.logistics.domain,Standard,key-seller-209-secret,2026-06-25T00:00:00+00:00,ACTIVE
SELLER-210,LogiMerchant_210,contact@seller210.logistics.domain,Enterprise,key-seller-210-secret,2026-03-09T00:00:00+00:00,ACTIVE
SELLER-211,LogiMerchant_211,contact@seller211.logistics.domain,Enterprise,key-seller-211-secret,2026-05-06T00:00:00+00:00,ACTIVE
SELLER-212,LogiMerchant_212,contact@seller212.logistics.domain,Premium,key-seller-212-secret,2026-01-14T00:00:00+00:00,ACTIVE
SELLER-213,LogiMerchant_213,contact@seller213.logistics.domain,Standard,key-seller-213-secret,2026-06-12T00:00:00+00:00,ACTIVE
SELLER-214,LogiMerchant_214,contact@seller214.logistics.domain,Premium,key-seller-214-secret,2026-03-12T00:00:00+00:00,ACTIVE
SELLER-215,LogiMerchant_215,contact@seller215.logistics.domain,Standard,key-seller-215-secret,2026-01-01T00:00:00+00:00,ACTIVE
SELLER-216,LogiMerchant_216,contact@seller216.logistics.domain,Premium,key-seller-216-secret,2026-02-03T00:00:00+00:00,ACTIVE
SELLER-217,LogiMerchant_217,contact@seller217.logistics.domain,Enterprise,key-seller-217-secret,2026-03-09T00:00:00+00:00,ACTIVE
SELLER-218,LogiMerchant_218,contact@seller218.logistics.domain,Standard,key-seller-218-secret,2026-04-24T00:00:00+00:00,ACTIVE
SELLER-219,LogiMerchant_219,contact@seller219.logistics.domain,Enterprise,key-seller-219-secret,2026-06-30T00:00:00+00:00,ACTIVE
SELLER-220,LogiMerchant_220,contact@seller220.logistics.domain,Premium,key-seller-220-secret,2026-05-24T00:00:00+00:00,ACTIVE
SELLER-221,LogiMerchant_221,contact@seller221.logistics.domain,Standard,key-seller-221-secret,2026-01-29T00:00:00+00:00,ACTIVE
SELLER-222,LogiMerchant_222,contact@seller222.logistics.domain,Standard,key-seller-222-secret,2026-06-26T00:00:00+00:00,ACTIVE
SELLER-223,LogiMerchant_223,contact@seller223.logistics.domain,Standard,key-seller-223-secret,2026-05-20T00:00:00+00:00,ACTIVE
SELLER-224,LogiMerchant_224,contact@seller224.logistics.domain,Standard,key-seller-224-secret,2026-04-05T00:00:00+00:00,ACTIVE
SELLER-225,LogiMerchant_225,contact@seller225.logistics.domain,Enterprise,key-seller-225-secret,2026-05-22T00:00:00+00:00,ACTIVE
SELLER-226,LogiMerchant_226,contact@seller226.logistics.domain,Standard,key-seller-226-secret,2026-04-21T00:00:00+00:00,ACTIVE
SELLER-227,LogiMerchant_227,contact@seller227.logistics.domain,Standard,key-seller-227-secret,2026-01-11T00:00:00+00:00,ACTIVE
SELLER-228,LogiMerchant_228,contact@seller228.logistics.domain,Premium,key-seller-228-secret,2026-04-04T00:00:00+00:00,ACTIVE
SELLER-229,LogiMerchant_229,contact@seller229.logistics.domain,Standard,key-seller-229-secret,2026-04-02T00:00:00+00:00,ACTIVE
SELLER-230,LogiMerchant_230,contact@seller230.logistics.domain,Standard,key-seller-230-secret,2026-06-24T00:00:00+00:00,ACTIVE
SELLER-231,LogiMerchant_231,contact@seller231.logistics.domain,Standard,key-seller-231-secret,2026-06-20T00:00:00+00:00,ACTIVE
SELLER-232,LogiMerchant_232,contact@seller232.logistics.domain,Standard,key-seller-232-secret,2026-04-01T00:00:00+00:00,ACTIVE
SELLER-233,LogiMerchant_233,contact@seller233.logistics.domain,Enterprise,key-seller-233-secret,2026-04-15T00:00:00+00:00,ACTIVE
SELLER-234,LogiMerchant_234,contact@seller234.logistics.domain,Enterprise,key-seller-234-secret,2026-02-09T00:00:00+00:00,ACTIVE
SELLER-235,LogiMerchant_235,contact@seller235.logistics.domain,Standard,key-seller-235-secret,2026-02-11T00:00:00+00:00,ACTIVE
SELLER-236,LogiMerchant_236,contact@seller236.logistics.domain,Standard,key-seller-236-secret,2026-04-16T00:00:00+00:00,ACTIVE
SELLER-237,LogiMerchant_237,contact@seller237.logistics.domain,Standard,key-seller-237-secret,2026-02-15T00:00:00+00:00,ACTIVE
SELLER-238,LogiMerchant_238,contact@seller238.logistics.domain,Enterprise,key-seller-238-secret,2026-03-27T00:00:00+00:00,ACTIVE
SELLER-239,LogiMerchant_239,contact@seller239.logistics.domain,Premium,key-seller-239-secret,2026-06-21T00:00:00+00:00,ACTIVE
SELLER-240,LogiMerchant_240,contact@seller240.logistics.domain,Enterprise,key-seller-240-secret,2026-03-05T00:00:00+00:00,ACTIVE
SELLER-241,LogiMerchant_241,contact@seller241.logistics.domain,Premium,key-seller-241-secret,2026-02-10T00:00:00+00:00,ACTIVE
SELLER-242,LogiMerchant_242,contact@seller242.logistics.domain,Enterprise,key-seller-242-secret,2026-01-28T00:00:00+00:00,ACTIVE
SELLER-243,LogiMerchant_243,contact@seller243.logistics.domain,Premium,key-seller-243-secret,2026-01-10T00:00:00+00:00,ACTIVE
SELLER-244,LogiMerchant_244,contact@seller244.logistics.domain,Premium,key-seller-244-secret,2026-02-26T00:00:00+00:00,ACTIVE
SELLER-245,LogiMerchant_245,contact@seller245.logistics.domain,Standard,key-seller-245-secret,2026-04-28T00:00:00+00:00,ACTIVE
SELLER-246,LogiMerchant_246,contact@seller246.logistics.domain,Premium,key-seller-246-secret,2026-03-20T00:00:00+00:00,ACTIVE
SELLER-247,LogiMerchant_247,contact@seller247.logistics.domain,Standard,key-seller-247-secret,2026-02-27T00:00:00+00:00,ACTIVE
SELLER-248,LogiMerchant_248,contact@seller248.logistics.domain,Standard,key-seller-248-secret,2026-06-18T00:00:00+00:00,ACTIVE
SELLER-249,LogiMerchant_249,contact@seller249.logistics.domain,Standard,key-seller-249-secret,2026-04-13T00:00:00+00:00,ACTIVE
SELLER-250,LogiMerchant_250,contact@seller250.logistics.domain,Premium,key-seller-250-secret,2026-03-13T00:00:00+00:00,ACTIVE
SELLER-251,LogiMerchant_251,contact@seller251.logistics.domain,Standard,key-seller-251-secret,2026-03-13T00:00:00+00:00,ACTIVE
SELLER-252,LogiMerchant_252,contact@seller252.logistics.domain,Premium,key-seller-252-secret,2026-06-14T00:00:00+00:00,ACTIVE
SELLER-253,LogiMerchant_253,contact@seller253.logistics.domain,Enterprise,key-seller-253-secret,2026-04-13T00:00:00+00:00,ACTIVE
SELLER-254,LogiMerchant_254,contact@seller254.logistics.domain,Enterprise,key-seller-254-secret,2026-05-18T00:00:00+00:00,ACTIVE
SELLER-255,LogiMerchant_255,contact@seller255.logistics.domain,Premium,key-seller-255-secret,2026-01-08T00:00:00+00:00,ACTIVE
SELLER-256,LogiMerchant_256,contact@seller256.logistics.domain,Standard,key-seller-256-secret,2026-03-08T00:00:00+00:00,ACTIVE
SELLER-257,LogiMerchant_257,contact@seller257.logistics.domain,Standard,key-seller-257-secret,2026-05-29T00:00:00+00:00,ACTIVE
SELLER-258,LogiMerchant_258,contact@seller258.logistics.domain,Premium,key-seller-258-secret,2026-01-10T00:00:00+00:00,ACTIVE
SELLER-259,LogiMerchant_259,contact@seller259.logistics.domain,Standard,key-seller-259-secret,2026-06-02T00:00:00+00:00,ACTIVE
SELLER-260,LogiMerchant_260,contact@seller260.logistics.domain,Premium,key-seller-260-secret,2026-03-30T00:00:00+00:00,ACTIVE
SELLER-261,LogiMerchant_261,contact@seller261.logistics.domain,Enterprise,key-seller-261-secret,2026-03-22T00:00:00+00:00,ACTIVE
SELLER-262,LogiMerchant_262,contact@seller262.logistics.domain,Premium,key-seller-262-secret,2026-06-05T00:00:00+00:00,ACTIVE
SELLER-263,LogiMerchant_263,contact@seller263.logistics.domain,Enterprise,key-seller-263-secret,2026-01-30T00:00:00+00:00,ACTIVE
SELLER-264,LogiMerchant_264,contact@seller264.logistics.domain,Premium,key-seller-264-secret,2026-05-28T00:00:00+00:00,ACTIVE
SELLER-265,LogiMerchant_265,contact@seller265.logistics.domain,Standard,key-seller-265-secret,2026-03-07T00:00:00+00:00,ACTIVE
SELLER-266,LogiMerchant_266,contact@seller266.logistics.domain,Standard,key-seller-266-secret,2026-04-22T00:00:00+00:00,ACTIVE
SELLER-267,LogiMerchant_267,contact@seller267.logistics.domain,Standard,key-seller-267-secret,2026-05-14T00:00:00+00:00,ACTIVE
SELLER-268,LogiMerchant_268,contact@seller268.logistics.domain,Enterprise,key-seller-268-secret,2026-06-25T00:00:00+00:00,ACTIVE
SELLER-269,LogiMerchant_269,contact@seller269.logistics.domain,Enterprise,key-seller-269-secret,2026-06-21T00:00:00+00:00,ACTIVE
SELLER-270,LogiMerchant_270,contact@seller270.logistics.domain,Standard,key-seller-270-secret,2026-04-04T00:00:00+00:00,ACTIVE
SELLER-271,LogiMerchant_271,contact@seller271.logistics.domain,Premium,key-seller-271-secret,2026-01-18T00:00:00+00:00,ACTIVE
SELLER-272,LogiMerchant_272,contact@seller272.logistics.domain,Enterprise,key-seller-272-secret,2026-03-26T00:00:00+00:00,ACTIVE
SELLER-273,LogiMerchant_273,contact@seller273.logistics.domain,Enterprise,key-seller-273-secret,2026-03-22T00:00:00+00:00,ACTIVE
SELLER-274,LogiMerchant_274,contact@seller274.logistics.domain,Enterprise,key-seller-274-secret,2026-02-01T00:00:00+00:00,ACTIVE
SELLER-275,LogiMerchant_275,contact@seller275.logistics.domain,Enterprise,key-seller-275-secret,2026-03-18T00:00:00+00:00,ACTIVE
SELLER-276,LogiMerchant_276,contact@seller276.logistics.domain,Enterprise,key-seller-276-secret,2026-03-21T00:00:00+00:00,ACTIVE
SELLER-277,LogiMerchant_277,contact@seller277.logistics.domain,Enterprise,key-seller-277-secret,2026-04-15T00:00:00+00:00,ACTIVE
SELLER-278,LogiMerchant_278,contact@seller278.logistics.domain,Premium,key-seller-278-secret,2026-04-14T00:00:00+00:00,ACTIVE
SELLER-279,LogiMerchant_279,contact@seller279.logistics.domain,Enterprise,key-seller-279-secret,2026-03-17T00:00:00+00:00,ACTIVE
SELLER-280,LogiMerchant_280,contact@seller280.logistics.domain,Enterprise,key-seller-280-secret,2026-02-02T00:00:00+00:00,ACTIVE
SELLER-281,LogiMerchant_281,contact@seller281.logistics.domain,Standard,key-seller-281-secret,2026-04-18T00:00:00+00:00,ACTIVE
SELLER-282,LogiMerchant_282,contact@seller282.logistics.domain,Enterprise,key-seller-282-secret,2026-04-08T00:00:00+00:00,ACTIVE
SELLER-283,LogiMerchant_283,contact@seller283.logistics.domain,Enterprise,key-seller-283-secret,2026-02-14T00:00:00+00:00,ACTIVE
SELLER-284,LogiMerchant_284,contact@seller284.logistics.domain,Enterprise,key-seller-284-secret,2026-05-26T00:00:00+00:00,ACTIVE
SELLER-285,LogiMerchant_285,contact@seller285.logistics.domain,Premium,key-seller-285-secret,2026-04-14T00:00:00+00:00,ACTIVE
SELLER-286,LogiMerchant_286,contact@seller286.logistics.domain,Enterprise,key-seller-286-secret,2026-01-01T00:00:00+00:00,ACTIVE
SELLER-287,LogiMerchant_287,contact@seller287.logistics.domain,Premium,key-seller-287-secret,2026-03-15T00:00:00+00:00,ACTIVE
SELLER-288,LogiMerchant_288,contact@seller288.logistics.domain,Standard,key-seller-288-secret,2026-04-21T00:00:00+00:00,ACTIVE
SELLER-289,LogiMerchant_289,contact@seller289.logistics.domain,Enterprise,key-seller-289-secret,2026-06-05T00:00:00+00:00,ACTIVE
SELLER-290,LogiMerchant_290,contact@seller290.logistics.domain,Enterprise,key-seller-290-secret,2026-03-24T00:00:00+00:00,ACTIVE
SELLER-291,LogiMerchant_291,contact@seller291.logistics.domain,Premium,key-seller-291-secret,2026-04-24T00:00:00+00:00,ACTIVE
SELLER-292,LogiMerchant_292,contact@seller292.logistics.domain,Premium,key-seller-292-secret,2026-06-22T00:00:00+00:00,ACTIVE
SELLER-293,LogiMerchant_293,contact@seller293.logistics.domain,Standard,key-seller-293-secret,2026-05-11T00:00:00+00:00,ACTIVE
SELLER-294,LogiMerchant_294,contact@seller294.logistics.domain,Premium,key-seller-294-secret,2026-02-13T00:00:00+00:00,ACTIVE
SELLER-295,LogiMerchant_295,contact@seller295.logistics.domain,Enterprise,key-seller-295-secret,2026-01-22T00:00:00+00:00,ACTIVE
SELLER-296,LogiMerchant_296,contact@seller296.logistics.domain,Premium,key-seller-296-secret,2026-05-12T00:00:00+00:00,ACTIVE
SELLER-297,LogiMerchant_297,contact@seller297.logistics.domain,Enterprise,key-seller-297-secret,2026-06-12T00:00:00+00:00,ACTIVE
SELLER-298,LogiMerchant_298,contact@seller298.logistics.domain,Enterprise,key-seller-298-secret,2026-03-27T00:00:00+00:00,ACTIVE
SELLER-299,LogiMerchant_299,contact@seller299.logistics.domain,Standard,key-seller-299-secret,2026-03-02T00:00:00+00:00,ACTIVE
SELLER-300,LogiMerchant_300,contact@seller300.logistics.domain,Enterprise,key-seller-300-secret,2026-03-21T00:00:00+00:00,ACTIVE
SELLER-301,LogiMerchant_301,contact@seller301.logistics.domain,Standard,key-seller-301-secret,2026-02-20T00:00:00+00:00,ACTIVE
SELLER-302,LogiMerchant_302,contact@seller302.logistics.domain,Standard,key-seller-302-secret,2026-01-07T00:00:00+00:00,ACTIVE
SELLER-303,LogiMerchant_303,contact@seller303.logistics.domain,Standard,key-seller-303-secret,2026-03-04T00:00:00+00:00,ACTIVE
SELLER-304,LogiMerchant_304,contact@seller304.logistics.domain,Premium,key-seller-304-secret,2026-06-06T00:00:00+00:00,ACTIVE
SELLER-305,LogiMerchant_305,contact@seller305.logistics.domain,Standard,key-seller-305-secret,2026-04-27T00:00:00+00:00,ACTIVE
SELLER-306,LogiMerchant_306,contact@seller306.logistics.domain,Premium,key-seller-306-secret,2026-06-11T00:00:00+00:00,ACTIVE
SELLER-307,LogiMerchant_307,contact@seller307.logistics.domain,Enterprise,key-seller-307-secret,2026-02-19T00:00:00+00:00,ACTIVE
SELLER-308,LogiMerchant_308,contact@seller308.logistics.domain,Enterprise,key-seller-308-secret,2026-06-28T00:00:00+00:00,ACTIVE
SELLER-309,LogiMerchant_309,contact@seller309.logistics.domain,Premium,key-seller-309-secret,2026-05-07T00:00:00+00:00,ACTIVE
SELLER-310,LogiMerchant_310,contact@seller310.logistics.domain,Premium,key-seller-310-secret,2026-03-04T00:00:00+00:00,ACTIVE
SELLER-311,LogiMerchant_311,contact@seller311.logistics.domain,Standard,key-seller-311-secret,2026-06-17T00:00:00+00:00,ACTIVE
SELLER-312,LogiMerchant_312,contact@seller312.logistics.domain,Enterprise,key-seller-312-secret,2026-01-02T00:00:00+00:00,ACTIVE
SELLER-313,LogiMerchant_313,contact@seller313.logistics.domain,Standard,key-seller-313-secret,2026-04-19T00:00:00+00:00,ACTIVE
SELLER-314,LogiMerchant_314,contact@seller314.logistics.domain,Standard,key-seller-314-secret,2026-02-15T00:00:00+00:00,ACTIVE
SELLER-315,LogiMerchant_315,contact@seller315.logistics.domain,Enterprise,key-seller-315-secret,2026-05-13T00:00:00+00:00,ACTIVE
SELLER-316,LogiMerchant_316,contact@seller316.logistics.domain,Premium,key-seller-316-secret,2026-01-13T00:00:00+00:00,ACTIVE
SELLER-317,LogiMerchant_317,contact@seller317.logistics.domain,Enterprise,key-seller-317-secret,2026-03-05T00:00:00+00:00,ACTIVE
SELLER-318,LogiMerchant_318,contact@seller318.logistics.domain,Standard,key-seller-318-secret,2026-04-27T00:00:00+00:00,ACTIVE
SELLER-319,LogiMerchant_319,contact@seller319.logistics.domain,Standard,key-seller-319-secret,2026-04-29T00:00:00+00:00,ACTIVE
SELLER-320,LogiMerchant_320,contact@seller320.logistics.domain,Enterprise,key-seller-320-secret,2026-05-16T00:00:00+00:00,ACTIVE
SELLER-321,LogiMerchant_321,contact@seller321.logistics.domain,Enterprise,key-seller-321-secret,2026-06-02T00:00:00+00:00,ACTIVE
SELLER-322,LogiMerchant_322,contact@seller322.logistics.domain,Premium,key-seller-322-secret,2026-04-24T00:00:00+00:00,ACTIVE
SELLER-323,LogiMerchant_323,contact@seller323.logistics.domain,Enterprise,key-seller-323-secret,2026-05-10T00:00:00+00:00,ACTIVE
SELLER-324,LogiMerchant_324,contact@seller324.logistics.domain,Premium,key-seller-324-secret,2026-05-21T00:00:00+00:00,ACTIVE
SELLER-325,LogiMerchant_325,contact@seller325.logistics.domain,Premium,key-seller-325-secret,2026-02-10T00:00:00+00:00,ACTIVE
SELLER-326,LogiMerchant_326,contact@seller326.logistics.domain,Enterprise,key-seller-326-secret,2026-05-02T00:00:00+00:00,ACTIVE
SELLER-327,LogiMerchant_327,contact@seller327.logistics.domain,Premium,key-seller-327-secret,2026-03-08T00:00:00+00:00,ACTIVE
SELLER-328,LogiMerchant_328,contact@seller328.logistics.domain,Standard,key-seller-328-secret,2026-06-13T00:00:00+00:00,ACTIVE
SELLER-329,LogiMerchant_329,contact@seller329.logistics.domain,Premium,key-seller-329-secret,2026-05-14T00:00:00+00:00,ACTIVE
SELLER-330,LogiMerchant_330,contact@seller330.logistics.domain,Premium,key-seller-330-secret,2026-06-10T00:00:00+00:00,ACTIVE
SELLER-331,LogiMerchant_331,contact@seller331.logistics.domain,Standard,key-seller-331-secret,2026-03-12T00:00:00+00:00,ACTIVE
SELLER-332,LogiMerchant_332,contact@seller332.logistics.domain,Premium,key-seller-332-secret,2026-01-20T00:00:00+00:00,ACTIVE
SELLER-333,LogiMerchant_333,contact@seller333.logistics.domain,Enterprise,key-seller-333-secret,2026-03-15T00:00:00+00:00,ACTIVE
SELLER-334,LogiMerchant_334,contact@seller334.logistics.domain,Standard,key-seller-334-secret,2026-03-11T00:00:00+00:00,ACTIVE
SELLER-335,LogiMerchant_335,contact@seller335.logistics.domain,Premium,key-seller-335-secret,2026-03-23T00:00:00+00:00,ACTIVE
SELLER-336,LogiMerchant_336,contact@seller336.logistics.domain,Enterprise,key-seller-336-secret,2026-01-21T00:00:00+00:00,ACTIVE
SELLER-337,LogiMerchant_337,contact@seller337.logistics.domain,Standard,key-seller-337-secret,2026-02-08T00:00:00+00:00,ACTIVE
SELLER-338,LogiMerchant_338,contact@seller338.logistics.domain,Standard,key-seller-338-secret,2026-04-09T00:00:00+00:00,ACTIVE
SELLER-339,LogiMerchant_339,contact@seller339.logistics.domain,Enterprise,key-seller-339-secret,2026-02-09T00:00:00+00:00,ACTIVE
SELLER-340,LogiMerchant_340,contact@seller340.logistics.domain,Enterprise,key-seller-340-secret,2026-02-24T00:00:00+00:00,ACTIVE
SELLER-341,LogiMerchant_341,contact@seller341.logistics.domain,Standard,key-seller-341-secret,2026-04-17T00:00:00+00:00,ACTIVE
SELLER-342,LogiMerchant_342,contact@seller342.logistics.domain,Premium,key-seller-342-secret,2026-03-26T00:00:00+00:00,ACTIVE
SELLER-343,LogiMerchant_343,contact@seller343.logistics.domain,Enterprise,key-seller-343-secret,2026-04-30T00:00:00+00:00,ACTIVE
SELLER-344,LogiMerchant_344,contact@seller344.logistics.domain,Premium,key-seller-344-secret,2026-01-16T00:00:00+00:00,ACTIVE
SELLER-345,LogiMerchant_345,contact@seller345.logistics.domain,Standard,key-seller-345-secret,2026-04-18T00:00:00+00:00,ACTIVE
SELLER-346,LogiMerchant_346,contact@seller346.logistics.domain,Premium,key-seller-346-secret,2026-05-30T00:00:00+00:00,ACTIVE
SELLER-347,LogiMerchant_347,contact@seller347.logistics.domain,Enterprise,key-seller-347-secret,2026-01-06T00:00:00+00:00,ACTIVE
SELLER-348,LogiMerchant_348,contact@seller348.logistics.domain,Enterprise,key-seller-348-secret,2026-04-08T00:00:00+00:00,ACTIVE
SELLER-349,LogiMerchant_349,contact@seller349.logistics.domain,Premium,key-seller-349-secret,2026-01-02T00:00:00+00:00,ACTIVE
SELLER-350,LogiMerchant_350,contact@seller350.logistics.domain,Premium,key-seller-350-secret,2026-03-18T00:00:00+00:00,ACTIVE
SELLER-351,LogiMerchant_351,contact@seller351.logistics.domain,Premium,key-seller-351-secret,2026-04-18T00:00:00+00:00,ACTIVE
SELLER-352,LogiMerchant_352,contact@seller352.logistics.domain,Enterprise,key-seller-352-secret,2026-05-20T00:00:00+00:00,ACTIVE
SELLER-353,LogiMerchant_353,contact@seller353.logistics.domain,Enterprise,key-seller-353-secret,2026-02-26T00:00:00+00:00,ACTIVE
SELLER-354,LogiMerchant_354,contact@seller354.logistics.domain,Premium,key-seller-354-secret,2026-02-26T00:00:00+00:00,ACTIVE
SELLER-355,LogiMerchant_355,contact@seller355.logistics.domain,Premium,key-seller-355-secret,2026-04-22T00:00:00+00:00,ACTIVE
SELLER-356,LogiMerchant_356,contact@seller356.logistics.domain,Premium,key-seller-356-secret,2026-01-08T00:00:00+00:00,ACTIVE
SELLER-357,LogiMerchant_357,contact@seller357.logistics.domain,Premium,key-seller-357-secret,2026-03-28T00:00:00+00:00,ACTIVE
SELLER-358,LogiMerchant_358,contact@seller358.logistics.domain,Enterprise,key-seller-358-secret,2026-06-23T00:00:00+00:00,ACTIVE
SELLER-359,LogiMerchant_359,contact@seller359.logistics.domain,Premium,key-seller-359-secret,2026-02-12T00:00:00+00:00,ACTIVE
SELLER-360,LogiMerchant_360,contact@seller360.logistics.domain,Premium,key-seller-360-secret,2026-02-02T00:00:00+00:00,ACTIVE
SELLER-361,LogiMerchant_361,contact@seller361.logistics.domain,Enterprise,key-seller-361-secret,2026-05-17T00:00:00+00:00,ACTIVE
SELLER-362,LogiMerchant_362,contact@seller362.logistics.domain,Standard,key-seller-362-secret,2026-04-11T00:00:00+00:00,ACTIVE
SELLER-363,LogiMerchant_363,contact@seller363.logistics.domain,Enterprise,key-seller-363-secret,2026-05-25T00:00:00+00:00,ACTIVE
SELLER-364,LogiMerchant_364,contact@seller364.logistics.domain,Enterprise,key-seller-364-secret,2026-01-07T00:00:00+00:00,ACTIVE
SELLER-365,LogiMerchant_365,contact@seller365.logistics.domain,Standard,key-seller-365-secret,2026-06-14T00:00:00+00:00,ACTIVE
SELLER-366,LogiMerchant_366,contact@seller366.logistics.domain,Premium,key-seller-366-secret,2026-02-04T00:00:00+00:00,ACTIVE
SELLER-367,LogiMerchant_367,contact@seller367.logistics.domain,Premium,key-seller-367-secret,2026-02-16T00:00:00+00:00,ACTIVE
SELLER-368,LogiMerchant_368,contact@seller368.logistics.domain,Standard,key-seller-368-secret,2026-03-08T00:00:00+00:00,ACTIVE
SELLER-369,LogiMerchant_369,contact@seller369.logistics.domain,Premium,key-seller-369-secret,2026-03-25T00:00:00+00:00,ACTIVE
SELLER-370,LogiMerchant_370,contact@seller370.logistics.domain,Standard,key-seller-370-secret,2026-04-27T00:00:00+00:00,ACTIVE
SELLER-371,LogiMerchant_371,contact@seller371.logistics.domain,Premium,key-seller-371-secret,2026-03-28T00:00:00+00:00,ACTIVE
SELLER-372,LogiMerchant_372,contact@seller372.logistics.domain,Premium,key-seller-372-secret,2026-03-13T00:00:00+00:00,ACTIVE
SELLER-373,LogiMerchant_373,contact@seller373.logistics.domain,Premium,key-seller-373-secret,2026-03-06T00:00:00+00:00,ACTIVE
SELLER-374,LogiMerchant_374,contact@seller374.logistics.domain,Standard,key-seller-374-secret,2026-05-01T00:00:00+00:00,ACTIVE
SELLER-375,LogiMerchant_375,contact@seller375.logistics.domain,Standard,key-seller-375-secret,2026-05-19T00:00:00+00:00,ACTIVE
SELLER-376,LogiMerchant_376,contact@seller376.logistics.domain,Standard,key-seller-376-secret,2026-03-31T00:00:00+00:00,ACTIVE
SELLER-377,LogiMerchant_377,contact@seller377.logistics.domain,Standard,key-seller-377-secret,2026-06-16T00:00:00+00:00,ACTIVE
SELLER-378,LogiMerchant_378,contact@seller378.logistics.domain,Standard,key-seller-378-secret,2026-06-16T00:00:00+00:00,ACTIVE
SELLER-379,LogiMerchant_379,contact@seller379.logistics.domain,Standard,key-seller-379-secret,2026-01-08T00:00:00+00:00,ACTIVE
SELLER-380,LogiMerchant_380,contact@seller380.logistics.domain,Standard,key-seller-380-secret,2026-02-21T00:00:00+00:00,ACTIVE
SELLER-381,LogiMerchant_381,contact@seller381.logistics.domain,Standard,key-seller-381-secret,2026-06-09T00:00:00+00:00,ACTIVE
SELLER-382,LogiMerchant_382,contact@seller382.logistics.domain,Standard,key-seller-382-secret,2026-03-03T00:00:00+00:00,ACTIVE
SELLER-383,LogiMerchant_383,contact@seller383.logistics.domain,Standard,key-seller-383-secret,2026-05-02T00:00:00+00:00,ACTIVE
SELLER-384,LogiMerchant_384,contact@seller384.logistics.domain,Enterprise,key-seller-384-secret,2026-01-30T00:00:00+00:00,ACTIVE
SELLER-385,LogiMerchant_385,contact@seller385.logistics.domain,Enterprise,key-seller-385-secret,2026-02-25T00:00:00+00:00,ACTIVE
SELLER-386,LogiMerchant_386,contact@seller386.logistics.domain,Premium,key-seller-386-secret,2026-06-29T00:00:00+00:00,ACTIVE
SELLER-387,LogiMerchant_387,contact@seller387.logistics.domain,Premium,key-seller-387-secret,2026-04-05T00:00:00+00:00,ACTIVE
SELLER-388,LogiMerchant_388,contact@seller388.logistics.domain,Standard,key-seller-388-secret,2026-06-05T00:00:00+00:00,ACTIVE
SELLER-389,LogiMerchant_389,contact@seller389.logistics.domain,Enterprise,key-seller-389-secret,2026-01-30T00:00:00+00:00,ACTIVE
SELLER-390,LogiMerchant_390,contact@seller390.logistics.domain,Standard,key-seller-390-secret,2026-03-21T00:00:00+00:00,ACTIVE
SELLER-391,LogiMerchant_391,contact@seller391.logistics.domain,Standard,key-seller-391-secret,2026-05-29T00:00:00+00:00,ACTIVE
SELLER-392,LogiMerchant_392,contact@seller392.logistics.domain,Standard,key-seller-392-secret,2026-03-21T00:00:00+00:00,ACTIVE
SELLER-393,LogiMerchant_393,contact@seller393.logistics.domain,Enterprise,key-seller-393-secret,2026-06-23T00:00:00+00:00,ACTIVE
SELLER-394,LogiMerchant_394,contact@seller394.logistics.domain,Premium,key-seller-394-secret,2026-04-12T00:00:00+00:00,ACTIVE
SELLER-395,LogiMerchant_395,contact@seller395.logistics.domain,Enterprise,key-seller-395-secret,2026-02-20T00:00:00+00:00,ACTIVE
SELLER-396,LogiMerchant_396,contact@seller396.logistics.domain,Standard,key-seller-396-secret,2026-06-01T00:00:00+00:00,ACTIVE
SELLER-397,LogiMerchant_397,contact@seller397.logistics.domain,Enterprise,key-seller-397-secret,2026-06-10T00:00:00+00:00,ACTIVE
SELLER-398,LogiMerchant_398,contact@seller398.logistics.domain,Standard,key-seller-398-secret,2026-01-27T00:00:00+00:00,ACTIVE
SELLER-399,LogiMerchant_399,contact@seller399.logistics.domain,Enterprise,key-seller-399-secret,2026-03-19T00:00:00+00:00,ACTIVE
SELLER-400,LogiMerchant_400,contact@seller400.logistics.domain,Enterprise,key-seller-400-secret,2026-06-03T00:00:00+00:00,ACTIVE
SELLER-401,LogiMerchant_401,contact@seller401.logistics.domain,Standard,key-seller-401-secret,2026-05-25T00:00:00+00:00,ACTIVE
SELLER-402,LogiMerchant_402,contact@seller402.logistics.domain,Standard,key-seller-402-secret,2026-03-30T00:00:00+00:00,ACTIVE
SELLER-403,LogiMerchant_403,contact@seller403.logistics.domain,Enterprise,key-seller-403-secret,2026-04-20T00:00:00+00:00,ACTIVE
SELLER-404,LogiMerchant_404,contact@seller404.logistics.domain,Enterprise,key-seller-404-secret,2026-04-05T00:00:00+00:00,ACTIVE
SELLER-405,LogiMerchant_405,contact@seller405.logistics.domain,Standard,key-seller-405-secret,2026-05-10T00:00:00+00:00,ACTIVE
SELLER-406,LogiMerchant_406,contact@seller406.logistics.domain,Enterprise,key-seller-406-secret,2026-03-29T00:00:00+00:00,ACTIVE
SELLER-407,LogiMerchant_407,contact@seller407.logistics.domain,Standard,key-seller-407-secret,2026-04-18T00:00:00+00:00,ACTIVE
SELLER-408,LogiMerchant_408,contact@seller408.logistics.domain,Premium,key-seller-408-secret,2026-01-28T00:00:00+00:00,ACTIVE
SELLER-409,LogiMerchant_409,contact@seller409.logistics.domain,Premium,key-seller-409-secret,2026-04-03T00:00:00+00:00,ACTIVE
SELLER-410,LogiMerchant_410,contact@seller410.logistics.domain,Enterprise,key-seller-410-secret,2026-04-28T00:00:00+00:00,ACTIVE
SELLER-411,LogiMerchant_411,contact@seller411.logistics.domain,Enterprise,key-seller-411-secret,2026-02-09T00:00:00+00:00,ACTIVE
SELLER-412,LogiMerchant_412,contact@seller412.logistics.domain,Premium,key-seller-412-secret,2026-02-15T00:00:00+00:00,ACTIVE
SELLER-413,LogiMerchant_413,contact@seller413.logistics.domain,Enterprise,key-seller-413-secret,2026-05-14T00:00:00+00:00,ACTIVE
SELLER-414,LogiMerchant_414,contact@seller414.logistics.domain,Enterprise,key-seller-414-secret,2026-03-11T00:00:00+00:00,ACTIVE
SELLER-415,LogiMerchant_415,contact@seller415.logistics.domain,Enterprise,key-seller-415-secret,2026-05-18T00:00:00+00:00,ACTIVE
SELLER-416,LogiMerchant_416,contact@seller416.logistics.domain,Premium,key-seller-416-secret,2026-04-30T00:00:00+00:00,ACTIVE
SELLER-417,LogiMerchant_417,contact@seller417.logistics.domain,Premium,key-seller-417-secret,2026-06-01T00:00:00+00:00,ACTIVE
SELLER-418,LogiMerchant_418,contact@seller418.logistics.domain,Premium,key-seller-418-secret,2026-03-24T00:00:00+00:00,ACTIVE
SELLER-419,LogiMerchant_419,contact@seller419.logistics.domain,Standard,key-seller-419-secret,2026-01-23T00:00:00+00:00,ACTIVE
SELLER-420,LogiMerchant_420,contact@seller420.logistics.domain,Premium,key-seller-420-secret,2026-04-26T00:00:00+00:00,ACTIVE
SELLER-421,LogiMerchant_421,contact@seller421.logistics.domain,Standard,key-seller-421-secret,2026-04-29T00:00:00+00:00,ACTIVE
SELLER-422,LogiMerchant_422,contact@seller422.logistics.domain,Enterprise,key-seller-422-secret,2026-06-06T00:00:00+00:00,ACTIVE
SELLER-423,LogiMerchant_423,contact@seller423.logistics.domain,Enterprise,key-seller-423-secret,2026-04-08T00:00:00+00:00,ACTIVE
SELLER-424,LogiMerchant_424,contact@seller424.logistics.domain,Premium,key-seller-424-secret,2026-01-08T00:00:00+00:00,ACTIVE
SELLER-425,LogiMerchant_425,contact@seller425.logistics.domain,Premium,key-seller-425-secret,2026-03-25T00:00:00+00:00,ACTIVE
SELLER-426,LogiMerchant_426,contact@seller426.logistics.domain,Standard,key-seller-426-secret,2026-05-05T00:00:00+00:00,ACTIVE
SELLER-427,LogiMerchant_427,contact@seller427.logistics.domain,Standard,key-seller-427-secret,2026-04-01T00:00:00+00:00,ACTIVE
SELLER-428,LogiMerchant_428,contact@seller428.logistics.domain,Premium,key-seller-428-secret,2026-03-29T00:00:00+00:00,ACTIVE
SELLER-429,LogiMerchant_429,contact@seller429.logistics.domain,Premium,key-seller-429-secret,2026-06-02T00:00:00+00:00,ACTIVE
SELLER-430,LogiMerchant_430,contact@seller430.logistics.domain,Enterprise,key-seller-430-secret,2026-03-12T00:00:00+00:00,ACTIVE
SELLER-431,LogiMerchant_431,contact@seller431.logistics.domain,Enterprise,key-seller-431-secret,2026-01-03T00:00:00+00:00,ACTIVE
SELLER-432,LogiMerchant_432,contact@seller432.logistics.domain,Enterprise,key-seller-432-secret,2026-02-18T00:00:00+00:00,ACTIVE
SELLER-433,LogiMerchant_433,contact@seller433.logistics.domain,Standard,key-seller-433-secret,2026-03-03T00:00:00+00:00,ACTIVE
SELLER-434,LogiMerchant_434,contact@seller434.logistics.domain,Enterprise,key-seller-434-secret,2026-04-15T00:00:00+00:00,ACTIVE
SELLER-435,LogiMerchant_435,contact@seller435.logistics.domain,Premium,key-seller-435-secret,2026-05-23T00:00:00+00:00,ACTIVE
SELLER-436,LogiMerchant_436,contact@seller436.logistics.domain,Standard,key-seller-436-secret,2026-06-26T00:00:00+00:00,ACTIVE
SELLER-437,LogiMerchant_437,contact@seller437.logistics.domain,Premium,key-seller-437-secret,2026-06-15T00:00:00+00:00,ACTIVE
SELLER-438,LogiMerchant_438,contact@seller438.logistics.domain,Enterprise,key-seller-438-secret,2026-05-06T00:00:00+00:00,ACTIVE
SELLER-439,LogiMerchant_439,contact@seller439.logistics.domain,Premium,key-seller-439-secret,2026-01-05T00:00:00+00:00,ACTIVE
SELLER-440,LogiMerchant_440,contact@seller440.logistics.domain,Standard,key-seller-440-secret,2026-03-17T00:00:00+00:00,ACTIVE
SELLER-441,LogiMerchant_441,contact@seller441.logistics.domain,Standard,key-seller-441-secret,2026-04-14T00:00:00+00:00,ACTIVE
SELLER-442,LogiMerchant_442,contact@seller442.logistics.domain,Enterprise,key-seller-442-secret,2026-03-04T00:00:00+00:00,ACTIVE
SELLER-443,LogiMerchant_443,contact@seller443.logistics.domain,Premium,key-seller-443-secret,2026-06-19T00:00:00+00:00,ACTIVE
SELLER-444,LogiMerchant_444,contact@seller444.logistics.domain,Enterprise,key-seller-444-secret,2026-04-05T00:00:00+00:00,ACTIVE
SELLER-445,LogiMerchant_445,contact@seller445.logistics.domain,Premium,key-seller-445-secret,2026-05-22T00:00:00+00:00,ACTIVE
SELLER-446,LogiMerchant_446,contact@seller446.logistics.domain,Enterprise,key-seller-446-secret,2026-03-30T00:00:00+00:00,ACTIVE
SELLER-447,LogiMerchant_447,contact@seller447.logistics.domain,Premium,key-seller-447-secret,2026-05-21T00:00:00+00:00,ACTIVE
SELLER-448,LogiMerchant_448,contact@seller448.logistics.domain,Premium,key-seller-448-secret,2026-04-01T00:00:00+00:00,ACTIVE
SELLER-449,LogiMerchant_449,contact@seller449.logistics.domain,Enterprise,key-seller-449-secret,2026-04-27T00:00:00+00:00,ACTIVE
SELLER-450,LogiMerchant_450,contact@seller450.logistics.domain,Premium,key-seller-450-secret,2026-03-20T00:00:00+00:00,ACTIVE
SELLER-451,LogiMerchant_451,contact@seller451.logistics.domain,Premium,key-seller-451-secret,2026-03-01T00:00:00+00:00,ACTIVE
SELLER-452,LogiMerchant_452,contact@seller452.logistics.domain,Standard,key-seller-452-secret,2026-02-19T00:00:00+00:00,ACTIVE
SELLER-453,LogiMerchant_453,contact@seller453.logistics.domain,Premium,key-seller-453-secret,2026-01-31T00:00:00+00:00,ACTIVE
SELLER-454,LogiMerchant_454,contact@seller454.logistics.domain,Enterprise,key-seller-454-secret,2026-05-18T00:00:00+00:00,ACTIVE
SELLER-455,LogiMerchant_455,contact@seller455.logistics.domain,Enterprise,key-seller-455-secret,2026-02-17T00:00:00+00:00,ACTIVE
SELLER-456,LogiMerchant_456,contact@seller456.logistics.domain,Standard,key-seller-456-secret,2026-02-25T00:00:00+00:00,ACTIVE
SELLER-457,LogiMerchant_457,contact@seller457.logistics.domain,Enterprise,key-seller-457-secret,2026-05-04T00:00:00+00:00,ACTIVE
SELLER-458,LogiMerchant_458,contact@seller458.logistics.domain,Premium,key-seller-458-secret,2026-05-31T00:00:00+00:00,ACTIVE
SELLER-459,LogiMerchant_459,contact@seller459.logistics.domain,Enterprise,key-seller-459-secret,2026-06-02T00:00:00+00:00,ACTIVE
SELLER-460,LogiMerchant_460,contact@seller460.logistics.domain,Premium,key-seller-460-secret,2026-01-26T00:00:00+00:00,ACTIVE
SELLER-461,LogiMerchant_461,contact@seller461.logistics.domain,Standard,key-seller-461-secret,2026-03-17T00:00:00+00:00,ACTIVE
SELLER-462,LogiMerchant_462,contact@seller462.logistics.domain,Standard,key-seller-462-secret,2026-04-03T00:00:00+00:00,ACTIVE
SELLER-463,LogiMerchant_463,contact@seller463.logistics.domain,Standard,key-seller-463-secret,2026-03-19T00:00:00+00:00,ACTIVE
SELLER-464,LogiMerchant_464,contact@seller464.logistics.domain,Standard,key-seller-464-secret,2026-05-17T00:00:00+00:00,ACTIVE
SELLER-465,LogiMerchant_465,contact@seller465.logistics.domain,Standard,key-seller-465-secret,2026-03-12T00:00:00+00:00,ACTIVE
SELLER-466,LogiMerchant_466,contact@seller466.logistics.domain,Standard,key-seller-466-secret,2026-01-14T00:00:00+00:00,ACTIVE
SELLER-467,LogiMerchant_467,contact@seller467.logistics.domain,Enterprise,key-seller-467-secret,2026-03-16T00:00:00+00:00,ACTIVE
SELLER-468,LogiMerchant_468,contact@seller468.logistics.domain,Enterprise,key-seller-468-secret,2026-02-02T00:00:00+00:00,ACTIVE
SELLER-469,LogiMerchant_469,contact@seller469.logistics.domain,Enterprise,key-seller-469-secret,2026-05-06T00:00:00+00:00,ACTIVE
SELLER-470,LogiMerchant_470,contact@seller470.logistics.domain,Standard,key-seller-470-secret,2026-01-04T00:00:00+00:00,ACTIVE
SELLER-471,LogiMerchant_471,contact@seller471.logistics.domain,Enterprise,key-seller-471-secret,2026-03-14T00:00:00+00:00,ACTIVE
SELLER-472,LogiMerchant_472,contact@seller472.logistics.domain,Premium,key-seller-472-secret,2026-05-03T00:00:00+00:00,ACTIVE
SELLER-473,LogiMerchant_473,contact@seller473.logistics.domain,Premium,key-seller-473-secret,2026-03-29T00:00:00+00:00,ACTIVE
SELLER-474,LogiMerchant_474,contact@seller474.logistics.domain,Standard,key-seller-474-secret,2026-01-14T00:00:00+00:00,ACTIVE
SELLER-475,LogiMerchant_475,contact@seller475.logistics.domain,Premium,key-seller-475-secret,2026-05-03T00:00:00+00:00,ACTIVE
SELLER-476,LogiMerchant_476,contact@seller476.logistics.domain,Standard,key-seller-476-secret,2026-01-17T00:00:00+00:00,ACTIVE
SELLER-477,LogiMerchant_477,contact@seller477.logistics.domain,Premium,key-seller-477-secret,2026-05-06T00:00:00+00:00,ACTIVE
SELLER-478,LogiMerchant_478,contact@seller478.logistics.domain,Standard,key-seller-478-secret,2026-05-28T00:00:00+00:00,ACTIVE
SELLER-479,LogiMerchant_479,contact@seller479.logistics.domain,Enterprise,key-seller-479-secret,2026-06-25T00:00:00+00:00,ACTIVE
SELLER-480,LogiMerchant_480,contact@seller480.logistics.domain,Standard,key-seller-480-secret,2026-02-08T00:00:00+00:00,ACTIVE
SELLER-481,LogiMerchant_481,contact@seller481.logistics.domain,Standard,key-seller-481-secret,2026-05-25T00:00:00+00:00,ACTIVE
SELLER-482,LogiMerchant_482,contact@seller482.logistics.domain,Premium,key-seller-482-secret,2026-01-22T00:00:00+00:00,ACTIVE
SELLER-483,LogiMerchant_483,contact@seller483.logistics.domain,Standard,key-seller-483-secret,2026-01-31T00:00:00+00:00,ACTIVE
SELLER-484,LogiMerchant_484,contact@seller484.logistics.domain,Enterprise,key-seller-484-secret,2026-04-17T00:00:00+00:00,ACTIVE
SELLER-485,LogiMerchant_485,contact@seller485.logistics.domain,Enterprise,key-seller-485-secret,2026-06-02T00:00:00+00:00,ACTIVE
SELLER-486,LogiMerchant_486,contact@seller486.logistics.domain,Enterprise,key-seller-486-secret,2026-02-27T00:00:00+00:00,ACTIVE
SELLER-487,LogiMerchant_487,contact@seller487.logistics.domain,Enterprise,key-seller-487-secret,2026-04-08T00:00:00+00:00,ACTIVE
SELLER-488,LogiMerchant_488,contact@seller488.logistics.domain,Premium,key-seller-488-secret,2026-04-24T00:00:00+00:00,ACTIVE
SELLER-489,LogiMerchant_489,contact@seller489.logistics.domain,Premium,key-seller-489-secret,2026-05-31T00:00:00+00:00,ACTIVE
SELLER-490,LogiMerchant_490,contact@seller490.logistics.domain,Premium,key-seller-490-secret,2026-03-20T00:00:00+00:00,ACTIVE
SELLER-491,LogiMerchant_491,contact@seller491.logistics.domain,Enterprise,key-seller-491-secret,2026-06-08T00:00:00+00:00,ACTIVE
SELLER-492,LogiMerchant_492,contact@seller492.logistics.domain,Standard,key-seller-492-secret,2026-06-06T00:00:00+00:00,ACTIVE
SELLER-493,LogiMerchant_493,contact@seller493.logistics.domain,Enterprise,key-seller-493-secret,2026-01-26T00:00:00+00:00,ACTIVE
SELLER-494,LogiMerchant_494,contact@seller494.logistics.domain,Standard,key-seller-494-secret,2026-06-10T00:00:00+00:00,ACTIVE
SELLER-495,LogiMerchant_495,contact@seller495.logistics.domain,Standard,key-seller-495-secret,2026-03-09T00:00:00+00:00,ACTIVE
SELLER-496,LogiMerchant_496,contact@seller496.logistics.domain,Enterprise,key-seller-496-secret,2026-01-21T00:00:00+00:00,ACTIVE
SELLER-497,LogiMerchant_497,contact@seller497.logistics.domain,Standard,key-seller-497-secret,2026-03-03T00:00:00+00:00,ACTIVE
SELLER-498,LogiMerchant_498,contact@seller498.logistics.domain,Standard,key-seller-498-secret,2026-05-22T00:00:00+00:00,ACTIVE
SELLER-499,LogiMerchant_499,contact@seller499.logistics.domain,Standard,key-seller-499-secret,2026-02-10T00:00:00+00:00,ACTIVE
SELLER-500,LogiMerchant_500,contact@seller500.logistics.domain,Standard,key-seller-500-secret,2026-04-15T00:00:00+00:00,ACTIVE
