warehouse_id,name,city,capacity,current_occupancy,freshness_status,last_updated
WH-001,Ahmedabad Fulfillment Hub #1,Ahmedabad,43916,16170,FRESH,2026-09-08T04:20:27.302818+00:00
WH-002,Hyderabad Fulfillment Hub #2,Hyderabad,23528,3332,FRESH,2026-09-08T04:19:33.302829+00:00
WH-003,Chennai Fulfillment Hub #3,Chennai,22337,20326,FRESH,2026-09-08T04:19:11.302833+00:00
WH-004,Chennai Fulfillment Hub #4,Chennai,32861,22221,FRESH,2026-09-08T04:20:03.302837+00:00
WH-005,Delhi Fulfillment Hub #5,Delhi,22408,2954,FRESH,2026-09-08T04:20:22.302840+00:00
WH-006,Delhi Fulfillment Hub #6,Delhi,25159,10457,FRESH,2026-09-08T04:19:19.302843+00:00
WH-007,Ahmedabad Fulfillment Hub #7,Ahmedabad,13149,12464,FRESH,2026-09-08T04:19:53.302846+00:00
WH-008,Pune Fulfillment Hub #8,Pune,22841,15344,FRESH,2026-09-08T04:19:28.302849+00:00
WH-009,Mumbai Fulfillment Hub #9,Mumbai,44192,22123,FRESH,2026-09-08T04:19:36.302852+00:00
WH-010,Surat Fulfillment Hub #10,Surat,21408,19848,FRESH,2026-09-08T04:20:02.302855+00:00
WH-011,Surat Fulfillment Hub #11,Surat,6359,3207,MISSING,2026-09-07T05:20:41.302858+00:00
WH-012,Surat Fulfillment Hub #12,Surat,7636,4854,FRESH,2026-09-08T04:20:09.302862+00:00
WH-013,Jaipur Fulfillment Hub #13,Jaipur,47697,12894,FRESH,2026-09-08T04:19:56.302865+00:00
WH-014,Surat Fulfillment Hub #14,Surat,33566,32754,FRESH,2026-09-08T04:19:29.302867+00:00
WH-015,Mumbai Fulfillment Hub #15,Mumbai,35802,22040,FRESH,2026-09-08T04:19:49.302870+00:00
WH-016,Mumbai Fulfillment Hub #16,Mumbai,15539,5722,FRESH,2026-09-08T04:19:28.302873+00:00
WH-017,Pune Fulfillment Hub #17,Pune,41051,21612,FRESH,2026-09-08T04:20:20.302876+00:00
WH-018,Hyderabad Fulfillment Hub #18,Hyderabad,26186,17862,FRESH,2026-09-08T04:19:40.302878+00:00
WH-019,Bengaluru Fulfillment Hub #19,Bengaluru,48100,28082,STALE,2026-09-08T04:08:41.302882+00:00
WH-020,Bengaluru Fulfillment Hub #20,Bengaluru,17293,13393,FRESH,2026-09-08T04:19:12.302887+00:00
WH-021,Ahmedabad Fulfillment Hub #21,Ahmedabad,45986,14340,FRESH,2026-09-08T04:20:25.302889+00:00
WH-022,Hyderabad Fulfillment Hub #22,Hyderabad,40993,29712,FRESH,2026-09-08T04:19:55.302893+00:00
WH-023,Ahmedabad Fulfillment Hub #23,Ahmedabad,12957,10975,FRESH,2026-09-08T04:19:11.302896+00:00
WH-024,Chennai Fulfillment Hub #24,Chennai,15379,10048,FRESH,2026-09-08T04:20:30.302898+00:00
WH-025,Pune Fulfillment Hub #25,Pune,11108,8560,FRESH,2026-09-08T04:20:17.302901+00:00
WH-026,Mumbai Fulfillment Hub #26,Mumbai,47448,20127,FRESH,2026-09-08T04:19:28.302904+00:00
WH-027,Jaipur Fulfillment Hub #27,Jaipur,22919,16473,FRESH,2026-09-08T04:19:30.302910+00:00
WH-028,Chennai Fulfillment Hub #28,Chennai,34935,13491,FRESH,2026-09-08T04:19:42.302914+00:00
WH-029,Surat Fulfillment Hub #29,Surat,38308,5575,FRESH,2026-09-08T04:20:14.302917+00:00
WH-030,Hyderabad Fulfillment Hub #30,Hyderabad,32193,9754,FRESH,2026-09-08T04:19:27.302919+00:00
WH-031,Bengaluru Fulfillment Hub #31,Bengaluru,23536,20002,FRESH,2026-09-08T04:19:16.302922+00:00
WH-032,Ahmedabad Fulfillment Hub #32,Ahmedabad,14738,6654,FRESH,2026-09-08T04:19:30.302925+00:00
WH-033,Kolkata Fulfillment Hub #33,Kolkata,41170,30841,FRESH,2026-09-08T04:19:43.302928+00:00
WH-034,Kolkata Fulfillment Hub #34,Kolkata,17363,10368,MISSING,2026-09-07T19:20:41.302931+00:00
WH-035,Pune Fulfillment Hub #35,Pune,20306,2430,STALE,2026-09-08T04:09:41.302935+00:00
WH-036,Kolkata Fulfillment Hub #36,Kolkata,35996,26302,FRESH,2026-09-08T04:19:43.302938+00:00
WH-037,Delhi Fulfillment Hub #37,Delhi,37461,33918,MISSING,2026-09-07T22:20:41.302941+00:00
WH-038,Surat Fulfillment Hub #38,Surat,26757,4267,STALE,2026-09-08T04:08:41.302944+00:00
WH-039,Jaipur Fulfillment Hub #39,Jaipur,34945,27868,FRESH,2026-09-08T04:20:13.302947+00:00
WH-040,Delhi Fulfillment Hub #40,Delhi,9903,6546,FRESH,2026-09-08T04:19:58.302951+00:00
WH-041,Surat Fulfillment Hub #41,Surat,31049,28929,FRESH,2026-09-08T04:19:49.302953+00:00
WH-042,Jaipur Fulfillment Hub #42,Jaipur,29904,24550,MISSING,2026-09-07T06:20:41.302956+00:00
WH-043,Ahmedabad Fulfillment Hub #43,Ahmedabad,40456,16385,FRESH,2026-09-08T04:20:23.302960+00:00
WH-044,Hyderabad Fulfillment Hub #44,Hyderabad,19908,4225,FRESH,2026-09-08T04:19:36.302962+00:00
WH-045,Mumbai Fulfillment Hub #45,Mumbai,34076,2897,FRESH,2026-09-08T04:19:53.302965+00:00
WH-046,Bengaluru Fulfillment Hub #46,Bengaluru,26258,12746,FRESH,2026-09-08T04:19:54.302969+00:00
WH-047,Kolkata Fulfillment Hub #47,Kolkata,33225,14502,FRESH,2026-09-08T04:19:24.302972+00:00
WH-048,Surat Fulfillment Hub #48,Surat,49682,12473,FRESH,2026-09-08T04:20:10.302975+00:00
WH-049,Mumbai Fulfillment Hub #49,Mumbai,44943,16783,STALE,2026-09-08T04:06:41.302978+00:00
WH-050,Ahmedabad Fulfillment Hub #50,Ahmedabad,43217,42805,FRESH,2026-09-08T04:19:32.302981+00:00
