trial_id,partner_id,portal_type,ttfsi_minutes,validation_errors,rate_limit_errors,auth_errors,total_retries,first_call_success,integration_failed
TRIAL-IMP-01,PARTNER-001,Improved_Operational_Portal,16.17,0,0,0,0,True,False
TRIAL-IMP-02,PARTNER-002,Improved_Operational_Portal,19.29,0,0,1,1,False,False
TRIAL-IMP-03,PARTNER-003,Improved_Operational_Portal,18.51,1,0,0,1,False,False
TRIAL-IMP-04,PARTNER-004,Improved_Operational_Portal,18.45,0,0,0,0,True,False
TRIAL-IMP-05,PARTNER-005,Improved_Operational_Portal,16.98,0,0,0,0,True,False
TRIAL-IMP-06,PARTNER-006,Improved_Operational_Portal,16.26,0,0,0,0,True,False
TRIAL-IMP-07,PARTNER-007,Improved_Operational_Portal,16.01,1,0,0,1,False,False
TRIAL-IMP-08,PARTNER-008,Improved_Operational_Portal,19.69,1,0,0,1,False,False
TRIAL-IMP-09,PARTNER-009,Improved_Operational_Portal,14.51,0,0,0,0,True,False
TRIAL-IMP-10,PARTNER-010,Improved_Operational_Portal,21.99,1,0,1,2,False,False
TRIAL-IMP-11,PARTNER-011,Improved_Operational_Portal,18.31,0,1,0,1,True,False
TRIAL-IMP-12,PARTNER-012,Improved_Operational_Portal,18.18,0,1,0,1,True,False
TRIAL-IMP-13,PARTNER-013,Improved_Operational_Portal,18.21,1,1,0,2,False,False
TRIAL-IMP-14,PARTNER-014,Improved_Operational_Portal,13.39,0,0,0,0,True,False
TRIAL-IMP-15,PARTNER-015,Improved_Operational_Portal,16.2,1,0,1,2,False,False
TRIAL-IMP-16,PARTNER-016,Improved_Operational_Portal,18.83,0,1,0,1,True,False
TRIAL-IMP-17,PARTNER-017,Improved_Operational_Portal,13.55,0,0,0,0,True,False
TRIAL-IMP-18,PARTNER-018,Improved_Operational_Portal,22.08,1,0,1,2,False,False
TRIAL-IMP-19,PARTNER-019,Improved_Operational_Portal,16.85,0,0,0,0,True,False
TRIAL-IMP-20,PARTNER-020,Improved_Operational_Portal,17.45,0,0,0,0,True,False
TRIAL-IMP-21,PARTNER-021,Improved_Operational_Portal,19.74,0,0,0,0,True,False
TRIAL-IMP-22,PARTNER-022,Improved_Operational_Portal,15.22,1,1,0,2,False,False
TRIAL-IMP-23,PARTNER-023,Improved_Operational_Portal,19.48,1,1,0,2,False,False
TRIAL-IMP-24,PARTNER-024,Improved_Operational_Portal,20.41,1,0,0,1,False,False
TRIAL-IMP-25,PARTNER-025,Improved_Operational_Portal,16.43,0,0,0,0,True,False
TRIAL-IMP-26,PARTNER-026,Improved_Operational_Portal,19.31,0,0,1,1,False,False
TRIAL-IMP-27,PARTNER-027,Improved_Operational_Portal,15.19,1,0,1,2,False,False
TRIAL-IMP-28,PARTNER-028,Improved_Operational_Portal,22.49,0,1,1,2,False,False
TRIAL-IMP-29,PARTNER-029,Improved_Operational_Portal,18.31,0,0,0,0,True,False
TRIAL-IMP-30,PARTNER-030,Improved_Operational_Portal,21.9,0,0,0,0,True,False
